file,n,m,FVS_size,runtime,validity,kernelization_time,gnn_candidate_time,initial_kernel_size,final_kernel_size,n_dynamic_reductions,solution_size,time_seconds
h_001,1024,2103,52,8.472517,True,0.008811,0.0,1024,1024,0,52,8.472517
h_002,1024,3473,40,7.978597,True,0.014553,0.0,1024,1024,0,40,7.978597
h_003,1024,3480,39,8.479895,True,0.011587,0.0,1024,1024,0,39,8.479895
h_004,1024,3624,60,18.721556,True,0.014808,0.0,1024,1024,0,60,18.721556
h_005,843,3995,288,116.432922,True,0.017823,0.0,843,843,0,288,116.432922
h_006,2048,4096,93,25.977618,True,0.020082,0.0,2048,2048,0,93,25.977618
h_007,2048,4096,94,15.180139,True,0.020303,0.0,2048,2048,0,94,15.180139
h_008,1024,5222,31,13.371759,True,0.018525,0.0,1024,1024,0,31,13.371759
h_009,1024,5231,37,12.085409,True,0.017432,0.0,1024,1024,0,37,12.085409
h_010,1024,5471,73,41.641767,True,0.0191,0.0,1024,1024,0,73,41.641767
h_011,1024,5480,81,52.004091,True,0.01903,0.0,1024,1024,0,81,52.004091
h_012,1024,5487,78,65.503841,True,0.025409,0.0,1024,1024,0,78,65.503841
h_013,2048,5216,212,107.606633,True,0.034303,0.0,2048,2048,0,212,107.606633
h_014,2048,5219,195,119.197362,True,0.040482,0.0,2048,2048,0,195,119.197362
h_015,2048,7005,77,42.83976,True,0.034997,0.0,2048,2048,0,77,42.83976
h_016,2048,7307,112,73.183312,True,0.037965,0.0,2048,2048,0,112,73.183312
h_017,1024,9737,221,418.675846,True,0.042195,0.0,1024,1024,0,221,418.675846
h_018,1974,9003,633,888.40426,True,0.12707,0.0,1974,1974,0,633,888.40426
h_019,1024,10284,147,222.606921,True,0.045826,0.0,1024,1024,0,147,222.606921
h_020,1024,10743,264,293.070148,True,0.049701,0.0,1024,1024,0,264,293.070148
h_021,2048,10573,71,68.112092,True,0.04742,0.0,2048,2048,0,71,68.112092
h_022,2048,10584,61,70.835112,True,0.045512,0.0,2048,2048,0,61,70.835112
h_023,2048,11098,154,228.216739,True,0.054597,0.0,2048,2048,0,154,228.216739
h_024,2650,12400,926,1000.100806,True,0.079463,0.0,2650,2650,0,926,1000.100806
h_025,1024,15102,226,623.248792,True,0.047592,0.0,1024,1024,0,226,623.248792
h_026,2048,14725,140,320.364159,True,0.050096,0.0,2048,2048,0,140,320.364159
h_027,2048,14738,134,492.097305,True,0.051754,0.0,2048,2048,0,134,492.097305
h_028,3588,16698,1233,1000.30571,True,0.147962,0.0,3588,3588,0,1233,1000.30571
h_029,1024,19861,326,1000.102315,True,0.06319,0.0,1024,1024,0,326,1000.102315
h_030,2048,18851,207,1000.087796,True,0.063626,0.0,2048,2048,0,207,1000.087796
h_031,2048,18876,222,782.790682,True,0.068271,0.0,2048,2048,0,222,782.790682
h_032,2048,20942,265,1000.113488,True,0.084193,0.0,2048,2048,0,265,1000.113488
h_033,6301,20777,235,360.208314,True,0.104587,0.0,6301,6301,0,235,360.208314
h_034,4983,22602,1632,1000.314194,True,0.17396,0.0,4983,4983,0,1632,1000.314194
h_035,8192,30498,4205,1000.309163,True,0.179289,0.0,8192,8192,0,4205,1000.309163
h_036,8192,30671,4194,1000.325552,True,0.196185,0.0,8192,8192,0,4194,1000.325552
h_037,8192,30814,4204,1000.253809,True,0.134205,0.0,8192,8192,0,4204,1000.253809
h_038,10876,39994,735,1000.258067,True,0.229844,0.0,10876,10876,0,735,1000.258067
h_039,9473,43691,3260,1000.448067,True,0.291918,0.0,9473,9473,0,3260,1000.448067
h_040,8192,45091,4369,1000.324199,True,0.191381,0.0,8192,8192,0,4369,1000.324199
h_041,8192,45139,4401,1000.425875,True,0.28684,0.0,8192,8192,0,4401,1000.425875
h_042,8192,45262,4416,1000.669943,True,0.183174,0.0,8192,8192,0,4416,1000.669943
h_043,8192,50901,4316,1000.369181,True,0.250077,0.0,8192,8192,0,4316,1000.369181
h_044,8192,51806,4440,1000.374898,True,0.249002,0.0,8192,8192,0,4440,1000.374898
h_045,8192,54189,4408,1000.430875,True,0.293197,0.0,8192,8192,0,4408,1000.430875
h_046,8192,54350,4368,1000.403441,True,0.259128,0.0,8192,8192,0,4368,1000.403441
h_047,8192,54807,4337,1000.421421,True,0.271714,0.0,8192,8192,0,4337,1000.421421
h_048,8192,54891,4356,1000.427301,True,0.279871,0.0,8192,8192,0,4356,1000.427301
h_049,8192,57468,4269,1000.365106,True,0.244342,0.0,8192,8192,0,4269,1000.365106
h_050,22687,54705,788,1000.224815,True,0.205589,0.0,22687,22687,0,788,1000.224815
h_051,8192,71995,4474,1000.450231,True,0.292141,0.0,8192,8192,0,4474,1000.450231
h_052,8192,72700,4483,1000.439045,True,0.286454,0.0,8192,8192,0,4483,1000.439045
h_053,8192,73399,4540,1000.453976,True,0.293018,0.0,8192,8192,0,4540,1000.453976
h_054,14882,67834,5011,1000.630677,True,0.408136,0.0,14882,14882,0,5011,1000.630677
h_055,15268,74339,5918,1000.704561,True,0.486849,0.0,15268,15268,0,5918,1000.704561
h_056,8192,82550,4304,1000.452724,True,0.286467,0.0,8192,8192,0,4304,1000.452724
h_057,8192,83083,4330,1000.470227,True,0.304514,0.0,8192,8192,0,4330,1000.470227
h_058,8192,92304,5619,1000.614979,True,0.418338,0.0,8192,8192,0,5619,1000.614979
h_059,7115,103689,592,1000.69334,True,0.244736,0.0,7115,7115,0,592,1000.69334
h_060,8192,110532,4254,1000.644638,True,0.41027,0.0,8192,8192,0,4254,1000.644638
h_061,8192,112798,4244,1000.566839,True,0.382306,0.0,8192,8192,0,4244,1000.566839
h_062,16384,104900,9814,1000.750791,True,0.530855,0.0,16384,16384,0,9814,1000.750791
h_063,36682,88328,1448,1000.536603,True,0.372236,0.0,36682,36682,0,1448,1000.536603
h_064,23131,107151,11887,1001.064802,True,0.677132,0.0,23131,23131,0,11887,1001.064802
h_065,26475,106762,3683,0.375095,True,0.25208,0.0,26475,26475,0,3683,0.375095
h_066,16384,119886,11118,1000.817893,True,0.593877,0.0,16384,16384,0,11118,1000.817893
h_067,8192,138733,5961,1000.844044,True,0.547636,0.0,8192,8192,0,5961,1000.844044
h_068,25678,121390,15771,1001.246084,True,0.781092,0.0,25678,25678,0,15771,1001.246084
h_069,8192,156904,6792,1000.98728,True,0.693834,0.0,8192,8192,0,6792,1000.98728
h_070,8192,168293,6089,1001.363619,True,0.594326,0.0,8192,8192,0,6089,1001.363619
h_071,8192,168714,6771,1000.964503,True,0.626194,0.0,8192,8192,0,6771,1000.964503
h_072,32078,149020,22820,1001.686041,True,1.011649,0.0,32078,32078,0,22820,1001.686041
h_073,16384,166938,10326,1001.151149,True,0.844238,0.0,16384,16384,0,10326,1001.151149
h_074,16384,169955,10523,1001.251834,True,0.876458,0.0,16384,16384,0,10523,1001.251834
h_075,34978,169522,27344,1002.122416,True,1.464929,0.0,34978,34978,0,27344,1002.122416
h_076,36705,170621,27993,1001.941846,True,1.352601,0.0,36705,36705,0,27993,1001.941846
h_077,62586,147892,2017,1000.82125,True,0.638514,0.0,62586,62586,0,2017,1000.82125
h_078,8192,204075,7007,1001.323326,True,0.820617,0.0,8192,8192,0,7007,1001.323326
h_079,16384,216334,12674,1001.502225,True,1.066043,0.0,16384,16384,0,12674,1001.502225
h_080,24818,227991,2755,0.383312,True,0.381361,0.0,24818,24818,0,2755,0.383312
h_081,32768,224254,26975,1001.661752,True,1.261879,0.0,32768,32768,0,26975,1001.661752
h_082,48665,222764,40097,1002.417579,True,1.598287,0.0,48665,48665,0,40097,1002.417579
h_083,32768,256256,26418,1001.788181,True,1.334814,0.0,32768,32768,0,26418,1001.788181
h_084,16384,273584,11389,1001.498837,True,0.997424,0.0,16384,16384,0,11389,1001.498837
h_085,16384,283794,14286,1001.871999,True,1.333254,0.0,16384,16384,0,14286,1001.871999
h_086,8192,295951,7252,1001.842386,True,1.197414,0.0,8192,8192,0,7252,1001.842386
h_087,58960,269439,50093,1003.227478,True,2.13459,0.0,58960,58960,0,50093,1003.227478
h_088,60892,286474,53187,1003.306715,True,2.215213,0.0,60892,60892,0,53187,1003.306715
h_089,8192,358201,7576,1002.016588,True,1.191784,0.0,8192,8192,0,7576,1002.016588
h_090,16384,353824,14026,1002.425027,True,1.677281,0.0,16384,16384,0,14026,1002.425027
h_091,16384,354031,14029,1002.201533,True,1.57739,0.0,16384,16384,0,14029,1002.201533
h_092,63674,306833,57688,1003.553276,True,2.260984,0.0,63674,63674,0,57688,1003.553276
h_093,32768,363878,28500,1002.488774,True,1.822452,0.0,32768,32768,0,28500,1002.488774
h_094,68946,335845,63470,1004.105384,True,2.584383,0.0,68946,68946,0,63470,1004.105384
h_095,32768,409363,29542,1002.942086,True,2.173164,0.0,32768,32768,0,29542,1002.942086
h_096,34546,421534,504,86.336781,True,1.075277,0.0,34546,34546,0,504,86.336781
h_097,16384,458925,14285,1003.346993,True,2.251059,0.0,16384,16384,0,14285,1003.346993
h_098,32768,503494,29582,1003.500733,True,2.530407,0.0,32768,32768,0,29582,1003.500733
h_099,97898,447979,86855,1005.909964,True,3.727763,0.0,97898,97898,0,86855,1005.909964
h_100,75879,508837,12000,1001.523575,True,1.319084,0.0,75879,75879,0,12000,1001.523575
h_101,65536,618237,61863,1004.436201,True,3.330427,0.0,65536,65536,0,61863,1004.436201
h_102,265214,418956,842,2.060048,True,2.059268,0.0,265214,265214,0,842,2.060048
h_103,159316,544621,13303,1.794728,True,1.794688,0.0,159316,159316,0,13303,1.794728
h_104,65536,640429,61723,1004.79317,True,3.541306,0.0,65536,65536,0,61723,1004.79317
h_105,65536,652583,62300,1004.663338,True,3.419786,0.0,65536,65536,0,62300,1004.663338
h_106,65536,654158,62265,1004.661409,True,3.387174,0.0,65536,65536,0,62265,1004.661409
h_107,32768,699385,30223,1004.698727,True,3.199353,0.0,32768,32768,0,30223,1004.698727
h_108,65536,688044,62756,1004.629546,True,3.411014,0.0,65536,65536,0,62756,1004.629546
h_109,8192,839576,7905,1004.869974,True,2.774531,0.0,8192,8192,0,7905,1004.869974
h_110,32768,826394,30904,1005.183882,True,3.665251,0.0,32768,32768,0,30904,1005.183882
h_111,77360,828161,22669,113.940381,True,1.63816,0.0,77360,77360,0,22669,113.940381
h_112,8192,944523,7985,1005.507775,True,3.088286,0.0,8192,8192,0,7985,1005.507775
h_113,194085,854377,18574,2.504215,True,2.486518,0.0,194085,194085,0,18574,2.504215
h_114,187341,865700,172358,1012.729667,True,7.971476,0.0,187341,187341,0,172358,1012.729667
h_115,262111,1234877,182394,1010.168166,True,8.448121,0.0,262111,262111,0,182394,1010.168166
h_116,299580,1363755,271622,1021.624556,True,13.601693,0.0,299580,299580,0,271622,1021.624556
h_117,325729,1469679,59603,1011.221013,True,9.775552,0.0,325729,325729,0,59603,1011.221013
h_118,81306,1768135,55142,1010.743861,True,6.749598,0.0,81306,81306,0,55142,1010.743861
h_119,342573,1619304,322136,1026.56864,True,16.912074,0.0,342573,342573,0,322136,1026.56864
h_120,32768,2049515,31426,1013.915562,True,8.647574,0.0,32768,32768,0,31426,1013.915562
h_121,16384,2076651,16137,1014.264345,True,7.443191,0.0,16384,16384,0,16137,1014.264345
h_122,2048,2097152,2036,1022.271209,True,7.276815,0.0,2048,2048,0,2036,1022.271209
h_123,4096,2097152,4050,1024.34116,True,7.808233,0.0,4096,4096,0,4050,1024.34116
h_124,8192,2097152,8062,1026.984651,True,9.911789,0.0,8192,8192,0,8062,1026.984651
h_125,16384,2097152,16039,1027.297472,True,9.458037,0.0,16384,16384,0,16039,1027.297472
h_126,65536,2048311,64626,1014.115598,True,9.329386,0.0,65536,65536,0,64626,1014.115598
h_127,32768,2128971,32157,1014.008492,True,9.1393,0.0,32768,32768,0,32157,1014.008492
h_128,32768,2130600,32165,1014.595789,True,9.271992,0.0,32768,32768,0,32165,1014.595789
h_129,32768,2148521,31974,1026.68616,True,9.845621,0.0,32768,32768,0,31974,1026.68616
h_130,16384,2192284,16175,1013.615798,True,7.446472,0.0,16384,16384,0,16175,1013.615798
h_131,16384,2194576,16170,1013.302289,True,8.064036,0.0,16384,16384,0,16170,1013.302289
h_132,65536,2184865,64704,1014.645619,True,9.674917,0.0,65536,65536,0,64704,1014.645619
h_133,131072,2130456,128632,1016.293504,True,11.902821,0.0,131072,131072,0,128632,1016.293504
h_134,131072,2131741,129026,1016.275255,True,12.280645,0.0,131072,131072,0,129026,1016.275255
h_135,32768,2235835,31767,1017.738911,True,12.096555,0.0,32768,32768,0,31767,1017.738911
h_136,32768,2240608,31938,1017.204747,True,10.298037,0.0,32768,32768,0,31938,1017.204747
h_137,32768,2241646,31748,1016.08393,True,9.966723,0.0,32768,32768,0,31748,1016.08393
h_138,32768,2270902,32226,1015.03034,True,9.833144,0.0,32768,32768,0,32226,1015.03034
h_139,16384,2293868,16199,1015.533978,True,8.667063,0.0,16384,16384,0,16199,1015.533978
h_140,131072,2199584,128208,1014.427084,True,10.572281,0.0,131072,131072,0,128208,1014.427084
h_141,65536,2321780,64742,1015.742144,True,11.047687,0.0,65536,65536,0,64742,1015.742144
h_142,131072,2294338,129699,1016.757388,True,12.064768,0.0,131072,131072,0,129699,1016.757388
h_143,32768,2412833,32274,1015.439051,True,9.540781,0.0,32768,32768,0,32274,1015.439051
h_144,32768,2416672,32300,1015.395742,True,9.018331,0.0,32768,32768,0,32300,1015.395742
h_145,32768,2416820,32296,1015.417693,True,8.962385,0.0,32768,32768,0,32296,1015.417693
h_146,131072,2322563,129467,1016.090554,True,11.420964,0.0,131072,131072,0,129467,1016.090554
h_147,32768,2422154,31915,1017.766104,True,11.252656,0.0,32768,32768,0,31915,1017.766104
h_148,432535,2038645,407368,1032.954477,True,21.057518,0.0,432535,432535,0,407368,1032.954477
h_149,131072,2340382,129474,1017.06568,True,12.195548,0.0,131072,131072,0,129474,1017.06568
h_150,65536,2456589,64777,1015.177993,True,10.487932,0.0,65536,65536,0,64777,1015.177993
h_151,65536,2457973,64787,1015.950752,True,10.684091,0.0,65536,65536,0,64787,1015.950752
h_152,65536,2458355,64797,1016.219491,True,11.163677,0.0,65536,65536,0,64797,1016.219491
h_153,32768,2554765,32329,1015.934607,True,10.233665,0.0,32768,32768,0,32329,1015.934607
h_154,32768,2556720,32321,1015.560694,True,9.796495,0.0,32768,32768,0,32321,1015.560694
h_155,131072,2459701,129933,1017.207841,True,12.652758,0.0,131072,131072,0,129933,1017.207841
h_156,32768,2558829,32328,1016.51541,True,10.303023,0.0,32768,32768,0,32328,1016.51541
h_157,281903,2312497,128032,1039.652184,True,37.945341,0.0,281903,281903,0,128032,1039.652184
h_158,32768,2614043,32205,1019.126743,True,11.753576,0.0,32768,32768,0,32205,1019.126743
h_159,32768,2621362,32153,1020.198844,True,12.169588,0.0,32768,32768,0,32153,1020.198844
h_160,65536,2593066,64839,1016.148983,True,10.868824,0.0,65536,65536,0,64839,1016.148983
h_161,32768,2684883,32093,1037.976531,True,13.03637,0.0,32768,32768,0,32093,1037.976531
h_162,131072,2587747,130189,1016.004365,True,11.127594,0.0,131072,131072,0,130189,1016.004365
h_163,32768,2696696,32391,1017.434703,True,10.137767,0.0,32768,32768,0,32391,1017.434703
h_164,131072,2620644,129889,1018.365038,True,13.445866,0.0,131072,131072,0,129889,1018.365038
h_165,131072,2622100,130094,1020.515105,True,15.251664,0.0,131072,131072,0,130094,1020.515105
h_166,65536,2728370,64945,1016.589565,True,10.672783,0.0,65536,65536,0,64945,1016.589565
h_167,65536,2731506,64954,1017.246189,True,11.175325,0.0,65536,65536,0,64954,1017.246189
h_168,32768,2794794,32305,1022.618377,True,14.987821,0.0,32768,32768,0,32305,1022.618377
h_169,32768,2808603,32248,1023.84497,True,15.309547,0.0,32768,32768,0,32248,1023.84497
h_170,32768,2838628,32404,1018.424554,True,11.545984,0.0,32768,32768,0,32404,1018.424554
h_171,131072,2741624,129515,1018.480479,True,13.410212,0.0,131072,131072,0,129515,1018.480479
h_172,32768,2840800,32413,1017.717837,True,10.841554,0.0,32768,32768,0,32413,1017.717837
h_173,32768,2843144,32410,1019.464074,True,12.608745,0.0,32768,32768,0,32410,1019.464074
h_174,131072,2754294,129449,1018.536869,True,13.343023,0.0,131072,131072,0,129449,1018.536869
h_175,131072,2757784,130110,1020.202214,True,14.31366,0.0,131072,131072,0,130110,1020.202214
h_176,131072,2777076,130054,1020.201472,True,14.271396,0.0,131072,131072,0,130054,1020.201472
h_177,131072,2784435,130091,1019.815225,True,14.695777,0.0,131072,131072,0,130091,1019.815225
h_178,131072,2785982,130311,1021.099056,True,15.50853,0.0,131072,131072,0,130311,1021.099056
h_179,131072,2921009,130024,1021.285882,True,15.634864,0.0,131072,131072,0,130024,1021.285882
h_180,131072,2949960,130332,1021.68113,True,16.332034,0.0,131072,131072,0,130332,1021.68113
h_181,131072,2950732,130339,1022.085613,True,16.789193,0.0,131072,131072,0,130339,1022.085613
h_182,131072,2951641,130358,1021.690851,True,16.453518,0.0,131072,131072,0,130358,1021.690851
h_183,131072,3115621,130355,1020.53292,True,14.641085,0.0,131072,131072,0,130355,1020.53292
h_184,32768,3221596,32296,1046.384582,True,19.000139,0.0,32768,32768,0,32296,1046.384582
h_185,32768,3222505,32254,1046.639678,True,15.68264,0.0,32768,32768,0,32254,1046.639678
h_186,566326,2770690,547941,1047.256343,True,29.418818,0.0,566326,566326,0,547941,1047.256343
h_187,131072,3225441,130426,1022.240241,True,14.991605,0.0,131072,131072,0,130426,1022.240241
h_188,262144,3100200,261238,1025.133112,True,19.851228,0.0,262144,262144,0,261238,1025.133112
h_189,262144,3100310,261356,1024.197864,True,18.86119,0.0,262144,262144,0,261356,1024.197864
h_190,131072,3244452,130430,1022.783826,True,16.216469,0.0,131072,131072,0,130430,1022.783826
h_191,131072,3275806,130414,1022.176678,True,15.185613,0.0,131072,131072,0,130414,1022.176678
h_192,32768,3726392,32498,1028.446024,True,16.884025,0.0,32768,32768,0,32498,1028.446024
h_193,32768,3734348,32516,1024.514657,True,14.719502,0.0,32768,32768,0,32516,1024.514657
h_194,4096,4194304,4076,1054.935199,True,15.405905,0.0,4096,4096,0,4076,1054.935199
h_195,4096,4194304,4076,1060.380802,True,15.698832,0.0,4096,4096,0,4076,1060.380802
h_196,8192,4194304,8132,1061.899846,True,17.018947,0.0,8192,8192,0,8132,1061.899846
h_197,8192,4194304,8136,1064.7839,True,18.295074,0.0,8192,8192,0,8136,1064.7839
h_198,962897,4419758,887246,1076.374446,True,49.886358,0.0,962897,962897,0,887246,1076.374446
h_199,875713,5105039,249301,1027.899435,True,24.052776,0.0,875713,875713,0,249301,1027.899435
h_200,2394385,5021410,18269,21.027746,True,20.119127,0.0,2394385,2394385,0,18269,21.027746
