file,n,m,FVS_size,runtime,validity,kernelization_time,gnn_candidate_time
h_001,1024,2103,52,25.534234,True,0.0,0.0
h_002,1024,3473,39,36.558646,True,0.0,0.0
h_003,1024,3480,40,41.18136,True,0.0,0.0
h_004,1024,3624,63,47.805818,True,0.0,0.0
h_005,843,3995,297,90.003456,True,0.0,0.0
h_006,2048,4096,116,71.696993,True,0.0,0.0
h_007,2048,4096,106,90.002963,True,0.0,0.0
h_008,1024,5222,31,53.245309,True,0.0,0.0
h_009,1024,5231,36,56.224095,True,0.0,0.0
h_010,1024,5471,73,89.604937,True,0.0,0.0
h_011,1024,5480,89,84.713876,True,0.0,0.0
h_012,1024,5487,83,89.795651,True,0.0,0.0
h_013,2048,5216,277,90.037972,True,0.0,0.0
h_014,2048,5219,266,90.037119,True,0.0,0.0
h_015,2048,7005,110,90.038636,True,0.0,0.0
h_016,2048,7307,150,90.037033,True,0.0,0.0
h_017,1024,9737,257,90.059167,True,0.0,0.0
h_018,1974,9003,642,90.030492,True,0.0,0.0
h_019,1024,10284,174,90.0583,True,0.0,0.0
h_020,1024,10743,300,90.057307,True,0.0,0.0
h_021,2048,10573,86,90.036612,True,0.0,0.0
h_022,2048,10584,96,90.046315,True,0.0,0.0
h_023,2048,11098,205,90.042665,True,0.0,0.0
h_024,2650,12400,958,90.033395,True,0.0,0.0
h_025,1024,15102,281,90.058406,True,0.0,0.0
h_026,2048,14725,195,90.039784,True,0.0,0.0
h_027,2048,14738,189,90.04049,True,0.0,0.0
h_028,3588,16698,1281,90.031016,True,0.0,0.0
h_029,1024,19861,365,90.072104,True,0.0,0.0
h_030,2048,18851,303,90.048595,True,0.0,0.0
h_031,2048,18876,333,90.044878,True,0.0,0.0
h_032,2048,20942,314,90.049115,True,0.0,0.0
h_033,6301,20777,286,90.039239,True,0.0,0.0
h_034,4983,22602,1689,90.04471,True,0.0,0.0
h_035,8192,30498,4587,90.040154,True,0.0,0.0
h_036,8192,30671,4557,90.039049,True,0.0,0.0
h_037,8192,30814,4530,90.042925,True,0.0,0.0
h_038,10876,39994,881,90.072489,True,0.0,0.0
h_039,9473,43691,5839,90.089795,True,0.0,0.0
h_040,8192,45091,5163,90.061148,True,0.0,0.0
h_041,8192,45139,5167,90.061624,True,0.0,0.0
h_042,8192,45262,5195,90.048048,True,0.0,0.0
h_043,8192,50901,5234,90.049571,True,0.0,0.0
h_044,8192,51806,5490,90.063027,True,0.0,0.0
h_045,8192,54189,5451,90.085421,True,0.0,0.0
h_046,8192,54350,5343,90.063907,True,0.0,0.0
h_047,8192,54807,5314,90.065203,True,0.0,0.0
h_048,8192,54891,5403,90.068755,True,0.0,0.0
h_049,8192,57468,5467,90.056867,True,0.0,0.0
h_050,22687,54705,1133,90.083923,True,0.0,0.0
h_051,8192,71995,5735,90.100589,True,0.0,0.0
h_052,8192,72700,5779,90.086795,True,0.0,0.0
h_053,8192,73399,5825,90.084594,True,0.0,0.0
h_054,14882,67834,11688,90.146745,True,0.0,0.0
h_055,15268,74339,12751,90.145073,True,0.0,0.0
h_056,8192,82550,5549,90.120984,True,0.0,0.0
h_057,8192,83083,5759,90.08581,True,0.0,0.0
h_058,8192,92304,6745,90.137268,True,0.0,0.0
h_059,7115,103689,625,90.237485,True,0.0,0.0
h_060,8192,110532,5955,90.135279,True,0.0,0.0
h_061,8192,112798,5809,90.129273,True,0.0,0.0
h_062,16384,104900,13834,90.105513,True,0.0,0.0
h_063,36682,88328,4958,90.144717,True,0.0,0.0
h_064,23131,107151,20194,90.247348,True,0.0,0.0
h_065,26475,106762,15157,90.202192,True,0.0,0.0
h_066,16384,119886,14616,90.138869,True,0.0,0.0
h_067,8192,138733,7106,90.17539,True,0.0,0.0
h_068,25678,121390,22886,90.288714,True,0.0,0.0
h_069,8192,156904,7496,90.193706,True,0.0,0.0
h_070,8192,168293,6989,90.39593,True,0.0,0.0
h_071,8192,168714,7550,90.205412,True,0.0,0.0
h_072,32078,149020,28499,90.344585,True,0.0,0.0
h_073,16384,166938,14345,90.192208,True,0.0,0.0
h_074,16384,169955,14721,90.18464,True,0.0,0.0
h_075,34978,169522,32959,90.381303,True,0.0,0.0
h_076,36705,170621,33555,90.45111,True,0.0,0.0
h_077,62586,147892,9500,90.379995,True,0.0,0.0
h_078,8192,204075,7640,90.257625,True,0.0,0.0
h_079,16384,216334,15245,90.249873,True,0.0,0.0
h_080,24818,227991,13118,90.634557,True,0.0,0.0
h_081,32768,224254,31737,90.311216,True,0.0,0.0
h_082,48665,222764,43395,90.555324,True,0.0,0.0
h_083,32768,256256,31501,90.340648,True,0.0,0.0
h_084,16384,273584,15101,90.290954,True,0.0,0.0
h_085,16384,283794,15761,90.380281,True,0.0,0.0
h_086,8192,295951,7798,90.413865,True,0.0,0.0
h_087,58960,269439,53449,90.915671,True,0.0,0.0
h_088,60892,286474,56986,90.8575,True,0.0,0.0
h_089,8192,358201,7930,90.562416,True,0.0,0.0
h_090,16384,353824,15729,90.404692,True,0.0,0.0
h_091,16384,354031,15673,90.484853,True,0.0,0.0
h_092,63674,306833,60445,90.756029,True,0.0,0.0
h_093,32768,363878,31639,90.422531,True,0.0,0.0
h_094,68946,335845,66534,91.045771,True,0.0,0.0
h_095,32768,409363,32190,90.486344,True,0.0,0.0
h_096,34546,421534,25163,91.197608,True,0.0,0.0
h_097,16384,458925,15662,90.697518,True,0.0,0.0
h_098,32768,503494,32065,90.703891,True,0.0,0.0
h_099,97898,447979,89098,91.340031,True,0.0,0.0
h_100,75879,508837,36161,91.229115,True,0.0,0.0
h_101,65536,618237,64932,90.769668,True,0.0,0.0
h_102,265214,418956,9605,90.973865,True,0.0,0.0
h_103,159316,544621,68849,91.414234,True,0.0,0.0
h_104,65536,640429,64635,90.772538,True,0.0,0.0
h_105,65536,652583,65070,90.658358,True,0.0,0.0
h_106,65536,654158,65183,90.681889,True,0.0,0.0
h_107,32768,699385,32091,90.846646,True,0.0,0.0
h_108,65536,688044,65217,90.81168,True,0.0,0.0
h_109,8192,839576,8081,91.397348,True,0.0,0.0
h_110,32768,826394,32354,90.94064,True,0.0,0.0
h_111,77360,828161,69801,93.109062,True,0.0,0.0
h_112,8192,944523,8109,91.524339,True,0.0,0.0
h_113,194085,854377,91746,92.828411,True,0.0,0.0
h_114,187341,865700,172962,93.248457,True,0.0,0.0
h_115,262111,1234877,237709,93.039989,True,0.0,0.0
h_116,299580,1363755,274324,95.841764,True,0.0,0.0
h_117,325729,1469679,132601,91.585448,True,0.0,0.0
h_118,81306,1768135,70002,93.468728,True,0.0,0.0
h_119,342573,1619304,323725,96.89769,True,0.0,0.0
h_120,32768,2049515,32000,93.268183,True,0.0,0.0
h_121,16384,2076651,16325,94.276648,True,0.0,0.0
h_122,2048,2097152,2041,99.761095,True,0.0,0.0
h_123,4096,2097152,4074,99.54931,True,0.0,0.0
h_124,8192,2097152,8156,101.413252,True,0.0,0.0
h_125,16384,2097152,16218,100.068178,True,0.0,0.0
h_126,65536,2048311,65429,93.181528,True,0.0,0.0
h_127,32768,2128971,32668,93.283303,True,0.0,0.0
h_128,32768,2130600,32671,93.843706,True,0.0,0.0
h_129,32768,2148521,32205,102.83395,True,0.0,0.0
h_130,16384,2192284,16327,93.91426,True,0.0,0.0
h_131,16384,2194576,16329,94.207389,True,0.0,0.0
h_132,65536,2184865,65433,93.163311,True,0.0,0.0
h_133,131072,2130456,130056,92.258083,True,0.0,0.0
h_134,131072,2131741,130270,92.861586,True,0.0,0.0
h_135,32768,2235835,32239,93.908247,True,0.0,0.0
h_136,32768,2240608,32336,93.345017,True,0.0,0.0
h_137,32768,2241646,32222,93.958448,True,0.0,0.0
h_138,32768,2270902,32674,93.25677,True,0.0,0.0
h_139,16384,2293868,16335,95.008032,True,0.0,0.0
h_140,131072,2199584,130254,93.066685,True,0.0,0.0
h_141,65536,2321780,65444,93.593746,True,0.0,0.0
h_142,131072,2294338,130511,92.996997,True,0.0,0.0
h_143,32768,2412833,32694,93.468676,True,0.0,0.0
h_144,32768,2416672,32695,93.891104,True,0.0,0.0
h_145,32768,2416820,32696,93.94449,True,0.0,0.0
h_146,131072,2322563,130502,93.176262,True,0.0,0.0
h_147,32768,2422154,32376,94.625619,True,0.0,0.0
h_148,432535,2038645,408493,96.82883,True,0.0,0.0
h_149,131072,2340382,130471,93.365184,True,0.0,0.0
h_150,65536,2456589,65443,93.353303,True,0.0,0.0
h_151,65536,2457973,65446,93.633044,True,0.0,0.0
h_152,65536,2458355,65452,93.904417,True,0.0,0.0
h_153,32768,2554765,32703,93.702897,True,0.0,0.0
h_154,32768,2556720,32703,93.712088,True,0.0,0.0
h_155,131072,2459701,130781,92.823353,True,0.0,0.0
h_156,32768,2558829,32702,94.048465,True,0.0,0.0
h_157,281903,2312497,261249,94.238743,True,0.0,0.0
h_158,32768,2614043,32597,94.811625,True,0.0,0.0
h_159,32768,2621362,32552,93.964979,True,0.0,0.0
h_160,65536,2593066,65465,93.331513,True,0.0,0.0
h_161,32768,2684883,32277,106.152786,True,0.0,0.0
h_162,131072,2587747,130993,93.713272,True,0.0,0.0
h_163,32768,2696696,32715,94.165249,True,0.0,0.0
h_164,131072,2620644,130630,93.867064,True,0.0,0.0
h_165,131072,2622100,130839,93.862651,True,0.0,0.0
h_166,65536,2728370,65474,93.665124,True,0.0,0.0
h_167,65536,2731506,65472,93.347449,True,0.0,0.0
h_168,32768,2794794,32662,95.072427,True,0.0,0.0
h_169,32768,2808603,32614,95.148772,True,0.0,0.0
h_170,32768,2838628,32717,95.281289,True,0.0,0.0
h_171,131072,2741624,130631,93.914541,True,0.0,0.0
h_172,32768,2840800,32716,94.281246,True,0.0,0.0
h_173,32768,2843144,32716,94.236933,True,0.0,0.0
h_174,131072,2754294,130242,93.605506,True,0.0,0.0
h_175,131072,2757784,130799,94.022908,True,0.0,0.0
h_176,131072,2777076,130885,93.379386,True,0.0,0.0
h_177,131072,2784435,130831,93.484702,True,0.0,0.0
h_178,131072,2785982,130962,93.401585,True,0.0,0.0
h_179,131072,2921009,130743,93.521026,True,0.0,0.0
h_180,131072,2949960,130970,94.340139,True,0.0,0.0
h_181,131072,2950732,130981,93.783319,True,0.0,0.0
h_182,131072,2951641,130988,93.894276,True,0.0,0.0
h_183,131072,3115621,130986,93.621744,True,0.0,0.0
h_184,32768,3221596,32453,109.311946,True,0.0,0.0
h_185,32768,3222505,32403,110.519226,True,0.0,0.0
h_186,566326,2770690,482460,98.740699,False,0.0,0.0
h_187,131072,3225441,130988,94.331881,True,0.0,0.0
h_188,262144,3100200,262054,93.439854,True,0.0,0.0
h_189,262144,3100310,262041,93.581585,True,0.0,0.0
h_190,131072,3244452,131015,94.1947,True,0.0,0.0
h_191,131072,3275806,131009,93.879608,True,0.0,0.0
h_192,32768,3726392,32736,97.035391,True,0.0,0.0
h_193,32768,3734348,32732,97.472277,True,0.0,0.0
h_194,4096,4194304,4088,120.179818,True,0.0,0.0
h_195,4096,4194304,4086,113.350716,True,0.0,0.0
h_196,8192,4194304,8182,120.403845,True,0.0,0.0
h_197,8192,4194304,8178,118.593137,True,0.0,0.0
h_198,962897,4419758,214541,103.578112,False,0.0,0.0
h_199,875713,5105039,228769,99.845967,False,0.0,0.0
h_200,2394385,5021410,75769,102.30277,False,0.0,0.0
