source_file,family,track,category,solver,status,fvs_size,timestamp,feature_set
ego_000005.txt,directed,heuristic_track,real_world_ego,pace22_winner,timeout,,2026-04-11T13:40:25.181745,v3
ego_000009.txt,directed,heuristic_track,real_world_ego,pace22_winner,timeout,,2026-04-11T13:40:40.524333,v3
ego_000010.txt,directed,heuristic_track,real_world_ego,pace22_winner,timeout,,2026-04-11T13:40:50.709792,v3
ego_000015.txt,directed,heuristic_track,real_world_ego,pace22_winner,timeout,,2026-04-11T13:41:02.311530,v3
ego_000019.txt,directed,heuristic_track,real_world_ego,pace22_winner,timeout,,2026-04-11T13:41:21.851057,v3
ego_000022.txt,directed,heuristic_track,real_world_ego,pace22_winner,timeout,,2026-04-11T13:41:38.214542,v3
ego_000024.txt,directed,heuristic_track,real_world_ego,pace22_winner,timeout,,2026-04-11T13:41:53.380170,v3
ego_000038.txt,directed,heuristic_track,real_world_ego,pace22_winner,timeout,,2026-04-11T13:42:13.458994,v3
ego_000052.txt,directed,heuristic_track,real_world_ego,pace22_winner,timeout,,2026-04-11T13:42:28.163169,v3
ego_000054.txt,directed,heuristic_track,real_world_ego,pace22_winner,timeout,,2026-04-11T13:42:48.735353,v3
ego_000063.txt,directed,heuristic_track,real_world_ego,pace22_winner,timeout,,2026-04-11T13:43:04.851681,v3
ego_000073.txt,directed,heuristic_track,real_world_ego,pace22_winner,timeout,,2026-04-11T13:43:24.827464,v3
ego_000077.txt,directed,heuristic_track,real_world_ego,pace22_winner,timeout,,2026-04-11T13:43:46.048496,v3
ego_000090.txt,directed,heuristic_track,real_world_ego,pace22_winner,timeout,,2026-04-11T13:44:00.810987,v3
ego_000096.txt,directed,heuristic_track,real_world_ego,pace22_winner,timeout,,2026-04-11T13:44:16.072299,v3
ego_000101.txt,directed,heuristic_track,real_world_ego,pace22_winner,timeout,,2026-04-11T13:44:28.665969,v3
ego_000117.txt,directed,heuristic_track,real_world_ego,pace22_winner,timeout,,2026-04-11T13:44:48.807931,v3
ego_000121.txt,directed,heuristic_track,real_world_ego,pace22_winner,timeout,,2026-04-11T13:44:59.344727,v3
ego_000130.txt,directed,heuristic_track,real_world_ego,pace22_winner,timeout,,2026-04-11T13:45:17.010917,v3
ego_000133.txt,directed,heuristic_track,real_world_ego,pace22_winner,timeout,,2026-04-11T13:45:27.252927,v3
ego_000137.txt,directed,heuristic_track,real_world_ego,pace22_winner,timeout,,2026-04-11T13:45:40.459777,v3
ego_000138.txt,directed,heuristic_track,real_world_ego,pace22_winner,timeout,,2026-04-11T13:45:50.719462,v3
ego_000139.txt,directed,heuristic_track,real_world_ego,pace22_winner,timeout,,2026-04-11T13:46:09.422246,v3
ego_000142.txt,directed,heuristic_track,real_world_ego,pace22_winner,timeout,,2026-04-11T13:46:24.738781,v3
ego_000143.txt,directed,heuristic_track,real_world_ego,pace22_winner,timeout,,2026-04-11T13:46:40.396840,v3
ego_000152.txt,directed,heuristic_track,real_world_ego,pace22_winner,timeout,,2026-04-11T13:46:51.298545,v3
ego_000160.txt,directed,heuristic_track,real_world_ego,pace22_winner,timeout,,2026-04-11T13:47:02.955681,v3
ego_000166.txt,directed,heuristic_track,real_world_ego,pace22_winner,timeout,,2026-04-11T13:47:13.605129,v3
ego_000167.txt,directed,heuristic_track,real_world_ego,pace22_winner,timeout,,2026-04-11T13:47:29.922944,v3
ego_000168.txt,directed,heuristic_track,real_world_ego,pace22_winner,timeout,,2026-04-11T13:47:47.935359,v3
ego_000171.txt,directed,heuristic_track,real_world_ego,pace22_winner,timeout,,2026-04-11T13:48:01.206134,v3
ego_000173.txt,directed,heuristic_track,real_world_ego,pace22_winner,timeout,,2026-04-11T13:48:16.714634,v3
ego_000174.txt,directed,heuristic_track,real_world_ego,pace22_winner,timeout,,2026-04-11T13:48:27.372863,v3
ego_000180.txt,directed,heuristic_track,real_world_ego,pace22_winner,timeout,,2026-04-11T13:48:38.145286,v3
ego_000181.txt,directed,heuristic_track,real_world_ego,pace22_winner,timeout,,2026-04-11T13:48:49.963276,v3
ego_000186.txt,directed,heuristic_track,real_world_ego,pace22_winner,timeout,,2026-04-11T13:49:02.739897,v3
ego_000189.txt,directed,heuristic_track,real_world_ego,pace22_winner,timeout,,2026-04-11T13:49:24.608798,v3
ego_000201.txt,directed,heuristic_track,real_world_ego,pace22_winner,timeout,,2026-04-11T13:49:38.134643,v3
ego_000208.txt,directed,heuristic_track,real_world_ego,pace22_winner,timeout,,2026-04-11T13:49:48.914057,v3
ego_000212.txt,directed,heuristic_track,real_world_ego,pace22_winner,timeout,,2026-04-11T13:50:05.012718,v3
ego_000214.txt,directed,heuristic_track,real_world_ego,pace22_winner,timeout,,2026-04-11T13:50:21.412755,v3
ego_000216.txt,directed,heuristic_track,real_world_ego,pace22_winner,timeout,,2026-04-11T13:50:37.154851,v3
ego_000217.txt,directed,heuristic_track,real_world_ego,pace22_winner,timeout,,2026-04-11T13:50:47.875936,v3
ego_000223.txt,directed,heuristic_track,real_world_ego,pace22_winner,timeout,,2026-04-11T13:50:58.404218,v3
ego_000224.txt,directed,heuristic_track,real_world_ego,pace22_winner,timeout,,2026-04-11T13:51:09.020644,v3
ego_000226.txt,directed,heuristic_track,real_world_ego,pace22_winner,timeout,,2026-04-11T13:51:19.158201,v3
ego_000236.txt,directed,heuristic_track,real_world_ego,pace22_winner,timeout,,2026-04-11T13:51:29.848786,v3
ego_000238.txt,directed,heuristic_track,real_world_ego,pace22_winner,timeout,,2026-04-11T13:51:47.623942,v3
ego_000239.txt,directed,heuristic_track,real_world_ego,pace22_winner,timeout,,2026-04-11T13:51:57.657107,v3
ego_000245.txt,directed,heuristic_track,real_world_ego,pace22_winner,timeout,,2026-04-11T13:52:13.129222,v3
ego_000254.txt,directed,heuristic_track,real_world_ego,pace22_winner,timeout,,2026-04-11T13:52:35.352766,v3
ego_000258.txt,directed,heuristic_track,real_world_ego,pace22_winner,timeout,,2026-04-11T13:52:52.268091,v3
ego_000266.txt,directed,heuristic_track,real_world_ego,pace22_winner,timeout,,2026-04-11T13:53:02.873221,v3
ego_000275.txt,directed,heuristic_track,real_world_ego,pace22_winner,timeout,,2026-04-11T13:53:12.934055,v3
ego_000288.txt,directed,heuristic_track,real_world_ego,pace22_winner,timeout,,2026-04-11T13:53:50.305339,v3
ego_000292.txt,directed,heuristic_track,real_world_ego,pace22_winner,timeout,,2026-04-11T13:54:04.315366,v3
ego_000322.txt,directed,heuristic_track,real_world_ego,pace22_winner,timeout,,2026-04-11T13:54:26.504579,v3
ego_000339.txt,directed,heuristic_track,real_world_ego,pace22_winner,timeout,,2026-04-11T13:54:40.174357,v3
ego_000348.txt,directed,heuristic_track,real_world_ego,pace22_winner,timeout,,2026-04-11T13:54:56.908791,v3
ego_000353.txt,directed,heuristic_track,real_world_ego,pace22_winner,timeout,,2026-04-11T13:55:09.442132,v3
ego_000355.txt,directed,heuristic_track,real_world_ego,pace22_winner,timeout,,2026-04-11T13:55:28.623927,v3
ego_000359.txt,directed,heuristic_track,real_world_ego,pace22_winner,timeout,,2026-04-11T13:55:40.494850,v3
ego_000368.txt,directed,heuristic_track,real_world_ego,pace22_winner,timeout,,2026-04-11T13:55:50.879039,v3
ego_000386.txt,directed,heuristic_track,real_world_ego,pace22_winner,timeout,,2026-04-11T13:56:07.738327,v3
ego_000389.txt,directed,heuristic_track,real_world_ego,pace22_winner,timeout,,2026-04-11T13:56:18.561777,v3
ego_000411.txt,directed,heuristic_track,real_world_ego,pace22_winner,timeout,,2026-04-11T13:56:31.335475,v3
ego_000414.txt,directed,heuristic_track,real_world_ego,pace22_winner,timeout,,2026-04-11T13:56:49.367196,v3
ego_000415.txt,directed,heuristic_track,real_world_ego,pace22_winner,timeout,,2026-04-11T13:57:00.909445,v3
ego_000422.txt,directed,heuristic_track,real_world_ego,pace22_winner,timeout,,2026-04-11T13:57:13.664213,v3
ego_000424.txt,directed,heuristic_track,real_world_ego,pace22_winner,timeout,,2026-04-11T13:57:25.421022,v3
ego_000426.txt,directed,heuristic_track,real_world_ego,pace22_winner,timeout,,2026-04-11T13:57:47.879292,v3
ego_000438.txt,directed,heuristic_track,real_world_ego,pace22_winner,timeout,,2026-04-11T13:58:02.133118,v3
ego_000444.txt,directed,heuristic_track,real_world_ego,pace22_winner,timeout,,2026-04-11T13:58:16.394218,v3
ego_000450.txt,directed,heuristic_track,real_world_ego,pace22_winner,timeout,,2026-04-11T13:58:26.503361,v3
ego_000452.txt,directed,heuristic_track,real_world_ego,pace22_winner,timeout,,2026-04-11T13:58:36.707103,v3
ego_000467.txt,directed,heuristic_track,real_world_ego,pace22_winner,timeout,,2026-04-11T13:58:57.224691,v3
ego_000468.txt,directed,heuristic_track,real_world_ego,pace22_winner,timeout,,2026-04-11T13:59:10.079846,v3
ego_000469.txt,directed,heuristic_track,real_world_ego,pace22_winner,timeout,,2026-04-11T13:59:20.832924,v3
ego_000471.txt,directed,heuristic_track,real_world_ego,pace22_winner,timeout,,2026-04-11T13:59:40.411261,v3
ego_000477.txt,directed,heuristic_track,real_world_ego,pace22_winner,timeout,,2026-04-11T13:59:52.922596,v3
ego_000485.txt,directed,heuristic_track,real_world_ego,pace22_winner,timeout,,2026-04-11T14:00:05.759900,v3
ego_000489.txt,directed,heuristic_track,real_world_ego,pace22_winner,timeout,,2026-04-11T14:00:16.222673,v3
ego_000501.txt,directed,heuristic_track,real_world_ego,pace22_winner,timeout,,2026-04-11T14:00:28.908631,v3
ego_000505.txt,directed,heuristic_track,real_world_ego,pace22_winner,timeout,,2026-04-11T14:00:44.386028,v3
ego_000512.txt,directed,heuristic_track,real_world_ego,pace22_winner,timeout,,2026-04-11T14:01:05.814673,v3
ego_000517.txt,directed,heuristic_track,real_world_ego,pace22_winner,timeout,,2026-04-11T14:01:27.815665,v3
ego_000523.txt,directed,heuristic_track,real_world_ego,pace22_winner,timeout,,2026-04-11T14:01:44.301617,v3
ego_000530.txt,directed,heuristic_track,real_world_ego,pace22_winner,timeout,,2026-04-11T14:01:56.373270,v3
ego_000531.txt,directed,heuristic_track,real_world_ego,pace22_winner,timeout,,2026-04-11T14:02:15.522901,v3
ego_000549.txt,directed,heuristic_track,real_world_ego,pace22_winner,timeout,,2026-04-11T14:02:26.176562,v3
ego_000550.txt,directed,heuristic_track,real_world_ego,pace22_winner,timeout,,2026-04-11T14:02:36.557920,v3
ego_000552.txt,directed,heuristic_track,real_world_ego,pace22_winner,timeout,,2026-04-11T14:02:51.857236,v3
ego_000571.txt,directed,heuristic_track,real_world_ego,pace22_winner,timeout,,2026-04-11T14:03:05.397917,v3
ego_000573.txt,directed,heuristic_track,real_world_ego,pace22_winner,timeout,,2026-04-11T14:03:15.792540,v3
ego_000575.txt,directed,heuristic_track,real_world_ego,pace22_winner,timeout,,2026-04-11T14:03:28.557949,v3
ego_000583.txt,directed,heuristic_track,real_world_ego,pace22_winner,timeout,,2026-04-11T14:04:03.549672,v3
ego_000585.txt,directed,heuristic_track,real_world_ego,pace22_winner,timeout,,2026-04-11T14:04:24.374809,v3
ego_000586.txt,directed,heuristic_track,real_world_ego,pace22_winner,timeout,,2026-04-11T14:04:39.961904,v3
ego_000613.txt,directed,heuristic_track,real_world_ego,pace22_winner,timeout,,2026-04-11T14:04:52.819654,v3
ego_000620.txt,directed,heuristic_track,real_world_ego,pace22_winner,timeout,,2026-04-11T14:05:08.853945,v3
ego_000621.txt,directed,heuristic_track,real_world_ego,pace22_winner,timeout,,2026-04-11T14:05:30.897777,v3
ego_000624.txt,directed,heuristic_track,real_world_ego,pace22_winner,timeout,,2026-04-11T14:05:42.008921,v3
ego_000625.txt,directed,heuristic_track,real_world_ego,pace22_winner,timeout,,2026-04-11T14:05:54.457898,v3
ego_000627.txt,directed,heuristic_track,real_world_ego,pace22_winner,timeout,,2026-04-11T14:06:07.481546,v3
ego_000645.txt,directed,heuristic_track,real_world_ego,pace22_winner,timeout,,2026-04-11T14:06:17.645671,v3
ego_000661.txt,directed,heuristic_track,real_world_ego,pace22_winner,timeout,,2026-04-11T14:06:30.704973,v3
ego_000663.txt,directed,heuristic_track,real_world_ego,pace22_winner,timeout,,2026-04-11T14:06:46.454848,v3
ego_000664.txt,directed,heuristic_track,real_world_ego,pace22_winner,timeout,,2026-04-11T14:07:01.172777,v3
ego_000666.txt,directed,heuristic_track,real_world_ego,pace22_winner,timeout,,2026-04-11T14:07:12.086972,v3
ego_000675.txt,directed,heuristic_track,real_world_ego,pace22_winner,timeout,,2026-04-11T14:07:32.473560,v3
ego_000677.txt,directed,heuristic_track,real_world_ego,pace22_winner,timeout,,2026-04-11T14:07:55.089529,v3
ego_000682.txt,directed,heuristic_track,real_world_ego,pace22_winner,timeout,,2026-04-11T14:08:08.377115,v3
ego_000689.txt,directed,heuristic_track,real_world_ego,pace22_winner,timeout,,2026-04-11T14:08:37.279643,v3
ego_000691.txt,directed,heuristic_track,real_world_ego,pace22_winner,timeout,,2026-04-11T14:08:51.066846,v3
ego_000694.txt,directed,heuristic_track,real_world_ego,pace22_winner,timeout,,2026-04-11T14:09:05.678625,v3
ego_000696.txt,directed,heuristic_track,real_world_ego,pace22_winner,timeout,,2026-04-11T14:09:17.892849,v3
ego_000707.txt,directed,heuristic_track,real_world_ego,pace22_winner,timeout,,2026-04-11T14:09:30.560232,v3
ego_000708.txt,directed,heuristic_track,real_world_ego,pace22_winner,timeout,,2026-04-11T14:09:40.627892,v3
ego_000716.txt,directed,heuristic_track,real_world_ego,pace22_winner,timeout,,2026-04-11T14:09:54.132048,v3
ego_000717.txt,directed,heuristic_track,real_world_ego,pace22_winner,timeout,,2026-04-11T14:10:04.182133,v3
ego_000719.txt,directed,heuristic_track,real_world_ego,pace22_winner,timeout,,2026-04-11T14:10:18.110112,v3
ego_000724.txt,directed,heuristic_track,real_world_ego,pace22_winner,timeout,,2026-04-11T14:10:33.232984,v3
ego_000726.txt,directed,heuristic_track,real_world_ego,pace22_winner,timeout,,2026-04-11T14:10:49.569605,v3
ego_000733.txt,directed,heuristic_track,real_world_ego,pace22_winner,timeout,,2026-04-11T14:10:59.838352,v3
ego_000745.txt,directed,heuristic_track,real_world_ego,pace22_winner,timeout,,2026-04-11T14:11:15.301225,v3
ego_000758.txt,directed,heuristic_track,real_world_ego,pace22_winner,timeout,,2026-04-11T14:11:30.411981,v3
ego_000763.txt,directed,heuristic_track,real_world_ego,pace22_winner,timeout,,2026-04-11T14:11:44.432168,v3
ego_000765.txt,directed,heuristic_track,real_world_ego,pace22_winner,timeout,,2026-04-11T14:11:59.860646,v3
ego_000778.txt,directed,heuristic_track,real_world_ego,pace22_winner,timeout,,2026-04-11T14:12:16.147503,v3
ego_000792.txt,directed,heuristic_track,real_world_ego,pace22_winner,timeout,,2026-04-11T14:12:34.448007,v3
ego_000800.txt,directed,heuristic_track,real_world_ego,pace22_winner,timeout,,2026-04-11T14:12:44.600269,v3
ego_000806.txt,directed,heuristic_track,real_world_ego,pace22_winner,timeout,,2026-04-11T14:13:01.923741,v3
ego_000811.txt,directed,heuristic_track,real_world_ego,pace22_winner,timeout,,2026-04-11T14:13:22.368610,v3
ego_000816.txt,directed,heuristic_track,real_world_ego,pace22_winner,timeout,,2026-04-11T14:13:32.557798,v3
ego_000826.txt,directed,heuristic_track,real_world_ego,pace22_winner,timeout,,2026-04-11T14:13:46.014996,v3
ego_000828.txt,directed,heuristic_track,real_world_ego,pace22_winner,timeout,,2026-04-11T14:13:56.114915,v3
ego_000840.txt,directed,heuristic_track,real_world_ego,pace22_winner,timeout,,2026-04-11T14:14:14.799480,v3
ego_000845.txt,directed,heuristic_track,real_world_ego,pace22_winner,timeout,,2026-04-11T14:14:36.178551,v3
ego_000855.txt,directed,heuristic_track,real_world_ego,pace22_winner,timeout,,2026-04-11T14:14:47.424985,v3
ego_000859.txt,directed,heuristic_track,real_world_ego,pace22_winner,timeout,,2026-04-11T14:15:05.311943,v3
ego_000863.txt,directed,heuristic_track,real_world_ego,pace22_winner,timeout,,2026-04-11T14:15:17.639564,v3
ego_000864.txt,directed,heuristic_track,real_world_ego,pace22_winner,timeout,,2026-04-11T14:15:37.897225,v3
ego_000865.txt,directed,heuristic_track,real_world_ego,pace22_winner,timeout,,2026-04-11T14:15:55.564343,v3
ego_000866.txt,directed,heuristic_track,real_world_ego,pace22_winner,timeout,,2026-04-11T14:16:06.802923,v3
ego_000869.txt,directed,heuristic_track,real_world_ego,pace22_winner,timeout,,2026-04-11T14:16:18.816948,v3
ego_000878.txt,directed,heuristic_track,real_world_ego,pace22_winner,timeout,,2026-04-11T14:16:40.647970,v3
ego_000886.txt,directed,heuristic_track,real_world_ego,pace22_winner,timeout,,2026-04-11T14:16:52.425529,v3
ego_000891.txt,directed,heuristic_track,real_world_ego,pace22_winner,timeout,,2026-04-11T14:17:13.303566,v3
ego_000892.txt,directed,heuristic_track,real_world_ego,pace22_winner,timeout,,2026-04-11T14:17:29.334318,v3
ego_000893.txt,directed,heuristic_track,real_world_ego,pace22_winner,timeout,,2026-04-11T14:17:41.302808,v3
ego_000902.txt,directed,heuristic_track,real_world_ego,pace22_winner,timeout,,2026-04-11T14:17:53.474428,v3
ego_000910.txt,directed,heuristic_track,real_world_ego,pace22_winner,timeout,,2026-04-11T14:18:04.531131,v3
ego_000912.txt,directed,heuristic_track,real_world_ego,pace22_winner,timeout,,2026-04-11T14:18:17.014105,v3
ego_000922.txt,directed,heuristic_track,real_world_ego,pace22_winner,timeout,,2026-04-11T14:18:30.329580,v3
ego_000926.txt,directed,heuristic_track,real_world_ego,pace22_winner,timeout,,2026-04-11T14:18:40.657332,v3
ego_000927.txt,directed,heuristic_track,real_world_ego,pace22_winner,timeout,,2026-04-11T14:18:57.240707,v3
ego_000928.txt,directed,heuristic_track,real_world_ego,pace22_winner,timeout,,2026-04-11T14:19:09.364662,v3
ego_000941.txt,directed,heuristic_track,real_world_ego,pace22_winner,timeout,,2026-04-11T14:19:22.301243,v3
ego_000952.txt,directed,heuristic_track,real_world_ego,pace22_winner,timeout,,2026-04-11T14:19:36.103290,v3
ego_000953.txt,directed,heuristic_track,real_world_ego,pace22_winner,timeout,,2026-04-11T14:19:53.132997,v3
ego_000968.txt,directed,heuristic_track,real_world_ego,pace22_winner,timeout,,2026-04-11T14:20:13.280453,v3
ego_000969.txt,directed,heuristic_track,real_world_ego,pace22_winner,timeout,,2026-04-11T14:20:23.645427,v3
ego_000971.txt,directed,heuristic_track,real_world_ego,pace22_winner,timeout,,2026-04-11T14:20:38.337803,v3
ego_000975.txt,directed,heuristic_track,real_world_ego,pace22_winner,timeout,,2026-04-11T14:21:00.259449,v3
ego_000977.txt,directed,heuristic_track,real_world_ego,pace22_winner,timeout,,2026-04-11T14:21:11.120734,v3
ego_000985.txt,directed,heuristic_track,real_world_ego,pace22_winner,timeout,,2026-04-11T14:21:28.711084,v3
ego_000988.txt,directed,heuristic_track,real_world_ego,pace22_winner,timeout,,2026-04-11T14:21:39.270188,v3
ego_000994.txt,directed,heuristic_track,real_world_ego,pace22_winner,timeout,,2026-04-11T14:21:57.447856,v3
ego_000997.txt,directed,heuristic_track,real_world_ego,pace22_winner,timeout,,2026-04-11T14:22:07.922157,v3
ego_001002.txt,directed,heuristic_track,real_world_ego,pace22_winner,timeout,,2026-04-11T14:22:26.528194,v3
ego_001010.txt,directed,heuristic_track,real_world_ego,pace22_winner,timeout,,2026-04-11T14:22:46.013819,v3
ego_001012.txt,directed,heuristic_track,real_world_ego,pace22_winner,timeout,,2026-04-11T14:22:56.162027,v3
ego_001014.txt,directed,heuristic_track,real_world_ego,pace22_winner,timeout,,2026-04-11T14:23:06.274851,v3
ego_001019.txt,directed,heuristic_track,real_world_ego,pace22_winner,timeout,,2026-04-11T14:23:16.585821,v3
ego_001044.txt,directed,heuristic_track,real_world_ego,pace22_winner,timeout,,2026-04-11T14:23:29.610093,v3
ego_001049.txt,directed,heuristic_track,real_world_ego,pace22_winner,timeout,,2026-04-11T14:23:45.406282,v3
ego_001051.txt,directed,heuristic_track,real_world_ego,pace22_winner,timeout,,2026-04-11T14:24:02.058261,v3
ego_001067.txt,directed,heuristic_track,real_world_ego,pace22_winner,timeout,,2026-04-11T14:24:13.052303,v3
ego_001071.txt,directed,heuristic_track,real_world_ego,pace22_winner,timeout,,2026-04-11T14:24:35.726509,v3
ego_001073.txt,directed,heuristic_track,real_world_ego,pace22_winner,timeout,,2026-04-11T14:24:47.782896,v3
ego_001080.txt,directed,heuristic_track,real_world_ego,pace22_winner,timeout,,2026-04-11T14:25:03.977438,v3
ego_001089.txt,directed,heuristic_track,real_world_ego,pace22_winner,timeout,,2026-04-11T14:25:17.637447,v3
ego_001091.txt,directed,heuristic_track,real_world_ego,pace22_winner,timeout,,2026-04-11T14:25:36.350797,v3
ego_001101.txt,directed,heuristic_track,real_world_ego,pace22_winner,timeout,,2026-04-11T14:25:48.093642,v3
ego_001109.txt,directed,heuristic_track,real_world_ego,pace22_winner,timeout,,2026-04-11T14:25:59.550894,v3
ego_001115.txt,directed,heuristic_track,real_world_ego,pace22_winner,timeout,,2026-04-11T14:26:17.367224,v3
ego_001124.txt,directed,heuristic_track,real_world_ego,pace22_winner,timeout,,2026-04-11T14:26:31.396646,v3
ego_001130.txt,directed,heuristic_track,real_world_ego,pace22_winner,timeout,,2026-04-11T14:26:49.011712,v3
ego_001137.txt,directed,heuristic_track,real_world_ego,pace22_winner,timeout,,2026-04-11T14:26:59.632204,v3
ego_001138.txt,directed,heuristic_track,real_world_ego,pace22_winner,timeout,,2026-04-11T14:27:10.529719,v3
ego_001141.txt,directed,heuristic_track,real_world_ego,pace22_winner,timeout,,2026-04-11T14:27:20.666941,v3
ego_001142.txt,directed,heuristic_track,real_world_ego,pace22_winner,timeout,,2026-04-11T14:27:31.263317,v3
ego_001143.txt,directed,heuristic_track,real_world_ego,pace22_winner,timeout,,2026-04-11T14:27:41.828776,v3
ego_001149.txt,directed,heuristic_track,real_world_ego,pace22_winner,timeout,,2026-04-11T14:27:58.074706,v3
ego_001150.txt,directed,heuristic_track,real_world_ego,pace22_winner,timeout,,2026-04-11T14:28:12.468622,v3
ego_001155.txt,directed,heuristic_track,real_world_ego,pace22_winner,timeout,,2026-04-11T14:28:26.240214,v3
ego_001156.txt,directed,heuristic_track,real_world_ego,pace22_winner,timeout,,2026-04-11T14:28:41.587499,v3
ego_001158.txt,directed,heuristic_track,real_world_ego,pace22_winner,timeout,,2026-04-11T14:28:53.432444,v3
ego_001160.txt,directed,heuristic_track,real_world_ego,pace22_winner,timeout,,2026-04-11T14:29:12.256540,v3
ego_001163.txt,directed,heuristic_track,real_world_ego,pace22_winner,timeout,,2026-04-11T14:29:23.274292,v3
ego_001174.txt,directed,heuristic_track,real_world_ego,pace22_winner,timeout,,2026-04-11T14:29:43.631434,v3
ego_001175.txt,directed,heuristic_track,real_world_ego,pace22_winner,timeout,,2026-04-11T14:29:54.588993,v3
ego_001180.txt,directed,heuristic_track,real_world_ego,pace22_winner,timeout,,2026-04-11T14:30:05.021877,v3
ego_001184.txt,directed,heuristic_track,real_world_ego,pace22_winner,timeout,,2026-04-11T14:30:16.717841,v3
ego_001197.txt,directed,heuristic_track,real_world_ego,pace22_winner,timeout,,2026-04-11T14:30:30.040658,v3
ego_001218.txt,directed,heuristic_track,real_world_ego,pace22_winner,timeout,,2026-04-11T14:30:51.109190,v3
ego_001220.txt,directed,heuristic_track,real_world_ego,pace22_winner,timeout,,2026-04-11T14:31:20.270036,v3
ego_001221.txt,directed,heuristic_track,real_world_ego,pace22_winner,timeout,,2026-04-11T14:31:35.390370,v3
ego_001222.txt,directed,heuristic_track,real_world_ego,pace22_winner,timeout,,2026-04-11T14:31:51.886611,v3
ego_001223.txt,directed,heuristic_track,real_world_ego,pace22_winner,timeout,,2026-04-11T14:32:06.678812,v3
ego_001237.txt,directed,heuristic_track,real_world_ego,pace22_winner,timeout,,2026-04-11T14:32:24.159076,v3
ego_001251.txt,directed,heuristic_track,real_world_ego,pace22_winner,timeout,,2026-04-11T14:32:35.444633,v3
ego_001255.txt,directed,heuristic_track,real_world_ego,pace22_winner,timeout,,2026-04-11T14:32:55.746934,v3
ego_001258.txt,directed,heuristic_track,real_world_ego,pace22_winner,timeout,,2026-04-11T14:33:06.388654,v3
ego_001260.txt,directed,heuristic_track,real_world_ego,pace22_winner,timeout,,2026-04-11T14:33:18.238767,v3
ego_001262.txt,directed,heuristic_track,real_world_ego,pace22_winner,timeout,,2026-04-11T14:33:29.857351,v3
ego_001272.txt,directed,heuristic_track,real_world_ego,pace22_winner,timeout,,2026-04-11T14:33:40.997109,v3
ego_001279.txt,directed,heuristic_track,real_world_ego,pace22_winner,timeout,,2026-04-11T14:34:06.285611,v3
ego_001284.txt,directed,heuristic_track,real_world_ego,pace22_winner,timeout,,2026-04-11T14:34:22.548313,v3
ego_001301.txt,directed,heuristic_track,real_world_ego,pace22_winner,timeout,,2026-04-11T14:34:36.424869,v3
ego_001305.txt,directed,heuristic_track,real_world_ego,pace22_winner,timeout,,2026-04-11T14:34:46.740377,v3
ego_001313.txt,directed,heuristic_track,real_world_ego,pace22_winner,timeout,,2026-04-11T14:35:00.392669,v3
ego_001314.txt,directed,heuristic_track,real_world_ego,pace22_winner,timeout,,2026-04-11T14:35:15.805159,v3
ego_001315.txt,directed,heuristic_track,real_world_ego,pace22_winner,timeout,,2026-04-11T14:35:37.127668,v3
ego_001323.txt,directed,heuristic_track,real_world_ego,pace22_winner,timeout,,2026-04-11T14:35:47.627276,v3
ego_001336.txt,directed,heuristic_track,real_world_ego,pace22_winner,timeout,,2026-04-11T14:36:07.098220,v3
ego_001337.txt,directed,heuristic_track,real_world_ego,pace22_winner,timeout,,2026-04-11T14:36:17.663868,v3
ego_001341.txt,directed,heuristic_track,real_world_ego,pace22_winner,timeout,,2026-04-11T14:36:29.304556,v3
ego_001342.txt,directed,heuristic_track,real_world_ego,pace22_winner,timeout,,2026-04-11T14:36:50.943234,v3
ego_001344.txt,directed,heuristic_track,real_world_ego,pace22_winner,timeout,,2026-04-11T14:37:02.115548,v3
ego_001346.txt,directed,heuristic_track,real_world_ego,pace22_winner,timeout,,2026-04-11T14:37:12.649563,v3
ego_001350.txt,directed,heuristic_track,real_world_ego,pace22_winner,timeout,,2026-04-11T14:37:29.824493,v3
ego_001354.txt,directed,heuristic_track,real_world_ego,pace22_winner,timeout,,2026-04-11T14:37:40.629954,v3
ego_001362.txt,directed,heuristic_track,real_world_ego,pace22_winner,timeout,,2026-04-11T14:37:51.837313,v3
ego_001375.txt,directed,heuristic_track,real_world_ego,pace22_winner,timeout,,2026-04-11T14:38:02.139161,v3
ego_001383.txt,directed,heuristic_track,real_world_ego,pace22_winner,timeout,,2026-04-11T14:38:19.486061,v3
ego_001385.txt,directed,heuristic_track,real_world_ego,pace22_winner,timeout,,2026-04-11T14:38:34.973859,v3
ego_001396.txt,directed,heuristic_track,real_world_ego,pace22_winner,timeout,,2026-04-11T14:38:49.997248,v3
ego_001427.txt,directed,heuristic_track,real_world_ego,pace22_winner,timeout,,2026-04-11T14:39:01.238211,v3
ego_001430.txt,directed,heuristic_track,real_world_ego,pace22_winner,timeout,,2026-04-11T14:39:19.037919,v3
ego_001433.txt,directed,heuristic_track,real_world_ego,pace22_winner,timeout,,2026-04-11T14:39:29.100655,v3
ego_001434.txt,directed,heuristic_track,real_world_ego,pace22_winner,timeout,,2026-04-11T14:39:39.506836,v3
ego_001435.txt,directed,heuristic_track,real_world_ego,pace22_winner,timeout,,2026-04-11T14:39:54.676960,v3
ego_001455.txt,directed,heuristic_track,real_world_ego,pace22_winner,timeout,,2026-04-11T14:40:06.063853,v3
ego_001458.txt,directed,heuristic_track,real_world_ego,pace22_winner,timeout,,2026-04-11T14:40:23.280743,v3
ego_001459.txt,directed,heuristic_track,real_world_ego,pace22_winner,timeout,,2026-04-11T14:40:42.614699,v3
ego_001461.txt,directed,heuristic_track,real_world_ego,pace22_winner,timeout,,2026-04-11T14:40:52.968068,v3
ego_001468.txt,directed,heuristic_track,real_world_ego,pace22_winner,timeout,,2026-04-11T14:41:08.125468,v3
ego_001471.txt,directed,heuristic_track,real_world_ego,pace22_winner,timeout,,2026-04-11T14:41:24.664036,v3
ego_001502.txt,directed,heuristic_track,real_world_ego,pace22_winner,timeout,,2026-04-11T14:41:38.147724,v3
ego_001505.txt,directed,heuristic_track,real_world_ego,pace22_winner,timeout,,2026-04-11T14:41:58.133536,v3
ego_001511.txt,directed,heuristic_track,real_world_ego,pace22_winner,timeout,,2026-04-11T14:42:37.541176,v3
ego_001521.txt,directed,heuristic_track,real_world_ego,pace22_winner,timeout,,2026-04-11T14:42:57.446139,v3
ego_001525.txt,directed,heuristic_track,real_world_ego,pace22_winner,timeout,,2026-04-11T14:43:12.506601,v3
ego_001527.txt,directed,heuristic_track,real_world_ego,pace22_winner,timeout,,2026-04-11T14:43:32.318820,v3
ego_001528.txt,directed,heuristic_track,real_world_ego,pace22_winner,timeout,,2026-04-11T14:43:45.411727,v3
ego_001534.txt,directed,heuristic_track,real_world_ego,pace22_winner,timeout,,2026-04-11T14:43:55.755812,v3
ego_001541.txt,directed,heuristic_track,real_world_ego,pace22_winner,timeout,,2026-04-11T14:44:07.500268,v3
ego_001551.txt,directed,heuristic_track,real_world_ego,pace22_winner,timeout,,2026-04-11T14:44:20.452745,v3
ego_001556.txt,directed,heuristic_track,real_world_ego,pace22_winner,timeout,,2026-04-11T14:44:35.496458,v3
ego_001557.txt,directed,heuristic_track,real_world_ego,pace22_winner,timeout,,2026-04-11T14:44:46.488517,v3
ego_001560.txt,directed,heuristic_track,real_world_ego,pace22_winner,timeout,,2026-04-11T14:45:01.616188,v3
ego_001569.txt,directed,heuristic_track,real_world_ego,pace22_winner,timeout,,2026-04-11T14:45:23.756778,v3
ego_001577.txt,directed,heuristic_track,real_world_ego,pace22_winner,timeout,,2026-04-11T14:45:37.380464,v3
ego_001583.txt,directed,heuristic_track,real_world_ego,pace22_winner,timeout,,2026-04-11T14:45:52.429656,v3
ego_001586.txt,directed,heuristic_track,real_world_ego,pace22_winner,timeout,,2026-04-11T14:46:05.450948,v3
ego_001588.txt,directed,heuristic_track,real_world_ego,pace22_winner,timeout,,2026-04-11T14:46:15.579922,v3
ego_001591.txt,directed,heuristic_track,real_world_ego,pace22_winner,timeout,,2026-04-11T14:46:26.367860,v3
ego_001595.txt,directed,heuristic_track,real_world_ego,pace22_winner,timeout,,2026-04-11T14:46:39.301048,v3
ego_001599.txt,directed,heuristic_track,real_world_ego,pace22_winner,timeout,,2026-04-11T14:46:53.479915,v3
ego_001605.txt,directed,heuristic_track,real_world_ego,pace22_winner,timeout,,2026-04-11T14:47:06.531266,v3
ego_001612.txt,directed,heuristic_track,real_world_ego,pace22_winner,timeout,,2026-04-11T14:47:16.725616,v3
ego_001614.txt,directed,heuristic_track,real_world_ego,pace22_winner,timeout,,2026-04-11T14:47:30.279008,v3
ego_001617.txt,directed,heuristic_track,real_world_ego,pace22_winner,timeout,,2026-04-11T14:47:42.376662,v3
ego_001626.txt,directed,heuristic_track,real_world_ego,pace22_winner,timeout,,2026-04-11T14:47:57.594620,v3
ego_001630.txt,directed,heuristic_track,real_world_ego,pace22_winner,timeout,,2026-04-11T14:48:18.255622,v3
ego_001637.txt,directed,heuristic_track,real_world_ego,pace22_winner,timeout,,2026-04-11T14:48:33.934554,v3
ego_001645.txt,directed,heuristic_track,real_world_ego,pace22_winner,timeout,,2026-04-11T14:48:45.833026,v3
ego_001653.txt,directed,heuristic_track,real_world_ego,pace22_winner,timeout,,2026-04-11T14:48:58.521912,v3
ego_001657.txt,directed,heuristic_track,real_world_ego,pace22_winner,timeout,,2026-04-11T14:49:19.461060,v3
ego_001666.txt,directed,heuristic_track,real_world_ego,pace22_winner,timeout,,2026-04-11T14:49:41.135556,v3
ego_001676.txt,directed,heuristic_track,real_world_ego,pace22_winner,timeout,,2026-04-11T14:49:54.024803,v3
ego_001687.txt,directed,heuristic_track,real_world_ego,pace22_winner,timeout,,2026-04-11T14:50:06.295992,v3
ego_001699.txt,directed,heuristic_track,real_world_ego,pace22_winner,timeout,,2026-04-11T14:50:18.935718,v3
ego_001700.txt,directed,heuristic_track,real_world_ego,pace22_winner,timeout,,2026-04-11T14:50:35.632048,v3
ego_001702.txt,directed,heuristic_track,real_world_ego,pace22_winner,timeout,,2026-04-11T14:50:57.853734,v3
ego_001704.txt,directed,heuristic_track,real_world_ego,pace22_winner,timeout,,2026-04-11T14:51:13.115108,v3
ego_001706.txt,directed,heuristic_track,real_world_ego,pace22_winner,timeout,,2026-04-11T14:51:24.193840,v3
ego_001707.txt,directed,heuristic_track,real_world_ego,pace22_winner,timeout,,2026-04-11T14:51:45.056700,v3
ego_001711.txt,directed,heuristic_track,real_world_ego,pace22_winner,timeout,,2026-04-11T14:52:00.932709,v3
ego_001715.txt,directed,heuristic_track,real_world_ego,pace22_winner,timeout,,2026-04-11T14:52:16.597905,v3
ego_001719.txt,directed,heuristic_track,real_world_ego,pace22_winner,timeout,,2026-04-11T14:52:33.083704,v3
ego_001726.txt,directed,heuristic_track,real_world_ego,pace22_winner,timeout,,2026-04-11T14:52:47.686874,v3
ego_001729.txt,directed,heuristic_track,real_world_ego,pace22_winner,timeout,,2026-04-11T14:53:06.313703,v3
ego_001732.txt,directed,heuristic_track,real_world_ego,pace22_winner,timeout,,2026-04-11T14:53:16.384721,v3
ego_001734.txt,directed,heuristic_track,real_world_ego,pace22_winner,timeout,,2026-04-11T14:53:27.194259,v3
ego_001735.txt,directed,heuristic_track,real_world_ego,pace22_winner,timeout,,2026-04-11T14:53:38.117375,v3
ego_001740.txt,directed,heuristic_track,real_world_ego,pace22_winner,timeout,,2026-04-11T14:53:48.481262,v3
ego_001772.txt,directed,heuristic_track,real_world_ego,pace22_winner,timeout,,2026-04-11T14:54:08.136082,v3
ego_001773.txt,directed,heuristic_track,real_world_ego,pace22_winner,timeout,,2026-04-11T14:54:19.233656,v3
ego_001778.txt,directed,heuristic_track,real_world_ego,pace22_winner,timeout,,2026-04-11T14:54:42.034529,v3
ego_001780.txt,directed,heuristic_track,real_world_ego,pace22_winner,timeout,,2026-04-11T14:54:57.822040,v3
ego_001782.txt,directed,heuristic_track,real_world_ego,pace22_winner,timeout,,2026-04-11T14:55:17.763572,v3
ego_001783.txt,directed,heuristic_track,real_world_ego,pace22_winner,timeout,,2026-04-11T14:55:29.372622,v3
ego_001788.txt,directed,heuristic_track,real_world_ego,pace22_winner,timeout,,2026-04-11T14:55:40.022841,v3
ego_001799.txt,directed,heuristic_track,real_world_ego,pace22_winner,timeout,,2026-04-11T14:55:52.633844,v3
ego_001814.txt,directed,heuristic_track,real_world_ego,pace22_winner,timeout,,2026-04-11T14:56:08.427213,v3
ego_001819.txt,directed,heuristic_track,real_world_ego,pace22_winner,timeout,,2026-04-11T14:56:18.719338,v3
ego_001830.txt,directed,heuristic_track,real_world_ego,pace22_winner,timeout,,2026-04-11T14:56:32.820947,v3
ego_001831.txt,directed,heuristic_track,real_world_ego,pace22_winner,timeout,,2026-04-11T14:56:49.562147,v3
ego_001835.txt,directed,heuristic_track,real_world_ego,pace22_winner,timeout,,2026-04-11T14:57:04.405682,v3
ego_001838.txt,directed,heuristic_track,real_world_ego,pace22_winner,timeout,,2026-04-11T14:57:16.649935,v3
ego_001850.txt,directed,heuristic_track,real_world_ego,pace22_winner,timeout,,2026-04-11T14:57:27.470054,v3
ego_001865.txt,directed,heuristic_track,real_world_ego,pace22_winner,timeout,,2026-04-11T14:57:40.874946,v3
ego_001866.txt,directed,heuristic_track,real_world_ego,pace22_winner,timeout,,2026-04-11T14:57:59.386718,v3
ego_001868.txt,directed,heuristic_track,real_world_ego,pace22_winner,timeout,,2026-04-11T14:58:15.646174,v3
ego_001870.txt,directed,heuristic_track,real_world_ego,pace22_winner,timeout,,2026-04-11T14:58:25.914090,v3
ego_001884.txt,directed,heuristic_track,real_world_ego,pace22_winner,timeout,,2026-04-11T14:58:40.894252,v3
ego_001888.txt,directed,heuristic_track,real_world_ego,pace22_winner,timeout,,2026-04-11T14:59:01.821108,v3
ego_001904.txt,directed,heuristic_track,real_world_ego,pace22_winner,timeout,,2026-04-11T14:59:24.431880,v3
ego_001906.txt,directed,heuristic_track,real_world_ego,pace22_winner,timeout,,2026-04-11T14:59:46.683642,v3
ego_001911.txt,directed,heuristic_track,real_world_ego,pace22_winner,timeout,,2026-04-11T14:59:58.479260,v3
ego_001914.txt,directed,heuristic_track,real_world_ego,pace22_winner,timeout,,2026-04-11T15:00:20.323229,v3
ego_001919.txt,directed,heuristic_track,real_world_ego,pace22_winner,timeout,,2026-04-11T15:00:39.098647,v3
ego_001928.txt,directed,heuristic_track,real_world_ego,pace22_winner,timeout,,2026-04-11T15:00:49.201371,v3
ego_001932.txt,directed,heuristic_track,real_world_ego,pace22_winner,timeout,,2026-04-11T15:01:03.114663,v3
ego_001934.txt,directed,heuristic_track,real_world_ego,pace22_winner,timeout,,2026-04-11T15:01:23.218985,v3
ego_001945.txt,directed,heuristic_track,real_world_ego,pace22_winner,timeout,,2026-04-11T15:02:06.424128,v3
ego_001946.txt,directed,heuristic_track,real_world_ego,pace22_winner,timeout,,2026-04-11T15:02:16.611379,v3
ego_001951.txt,directed,heuristic_track,real_world_ego,pace22_winner,timeout,,2026-04-11T15:02:28.095045,v3
ego_001962.txt,directed,heuristic_track,real_world_ego,pace22_winner,timeout,,2026-04-11T15:02:44.034781,v3
ego_001967.txt,directed,heuristic_track,real_world_ego,pace22_winner,timeout,,2026-04-11T15:02:55.641614,v3
ego_001968.txt,directed,heuristic_track,real_world_ego,pace22_winner,timeout,,2026-04-11T15:03:05.961273,v3
ego_001973.txt,directed,heuristic_track,real_world_ego,pace22_winner,timeout,,2026-04-11T15:03:16.532600,v3
ego_001978.txt,directed,heuristic_track,real_world_ego,pace22_winner,timeout,,2026-04-11T15:03:38.448475,v3
ego_001979.txt,directed,heuristic_track,real_world_ego,pace22_winner,timeout,,2026-04-11T15:03:48.620763,v3
ego_001984.txt,directed,heuristic_track,real_world_ego,pace22_winner,timeout,,2026-04-11T15:03:59.039349,v3
ego_001990.txt,directed,heuristic_track,real_world_ego,pace22_winner,timeout,,2026-04-11T15:04:12.457462,v3
ego_001996.txt,directed,heuristic_track,real_world_ego,pace22_winner,timeout,,2026-04-11T15:04:28.204960,v3
ego_001998.txt,directed,heuristic_track,real_world_ego,pace22_winner,timeout,,2026-04-11T15:04:50.431804,v3
ego_002004.txt,directed,heuristic_track,real_world_ego,pace22_winner,timeout,,2026-04-11T15:05:00.763111,v3
ego_002006.txt,directed,heuristic_track,real_world_ego,pace22_winner,timeout,,2026-04-11T15:05:10.903253,v3
ego_002008.txt,directed,heuristic_track,real_world_ego,pace22_winner,timeout,,2026-04-11T15:05:28.409538,v3
ego_002011.txt,directed,heuristic_track,real_world_ego,pace22_winner,timeout,,2026-04-11T15:05:40.930194,v3
ego_002013.txt,directed,heuristic_track,real_world_ego,pace22_winner,timeout,,2026-04-11T15:05:51.445090,v3
ego_002014.txt,directed,heuristic_track,real_world_ego,pace22_winner,timeout,,2026-04-11T15:06:08.038474,v3
ego_002018.txt,directed,heuristic_track,real_world_ego,pace22_winner,timeout,,2026-04-11T15:06:18.245526,v3
ego_002021.txt,directed,heuristic_track,real_world_ego,pace22_winner,timeout,,2026-04-11T15:06:32.747349,v3
ego_002022.txt,directed,heuristic_track,real_world_ego,pace22_winner,timeout,,2026-04-11T15:06:42.939629,v3
ego_002024.txt,directed,heuristic_track,real_world_ego,pace22_winner,timeout,,2026-04-11T15:06:56.414130,v3
ego_002030.txt,directed,heuristic_track,real_world_ego,pace22_winner,timeout,,2026-04-11T15:07:14.468614,v3
ego_002035.txt,directed,heuristic_track,real_world_ego,pace22_winner,timeout,,2026-04-11T15:07:43.484122,v3
ego_002044.txt,directed,heuristic_track,real_world_ego,pace22_winner,timeout,,2026-04-11T15:07:53.723809,v3
ego_002046.txt,directed,heuristic_track,real_world_ego,pace22_winner,timeout,,2026-04-11T15:08:07.520984,v3
ego_002048.txt,directed,heuristic_track,real_world_ego,pace22_winner,timeout,,2026-04-11T15:08:17.878546,v3
ego_002053.txt,directed,heuristic_track,real_world_ego,pace22_winner,timeout,,2026-04-11T15:08:33.861795,v3
ego_002056.txt,directed,heuristic_track,real_world_ego,pace22_winner,timeout,,2026-04-11T15:08:45.784154,v3
ego_002057.txt,directed,heuristic_track,real_world_ego,pace22_winner,timeout,,2026-04-11T15:09:00.704910,v3
ego_002060.txt,directed,heuristic_track,real_world_ego,pace22_winner,timeout,,2026-04-11T15:09:11.095932,v3
ego_002062.txt,directed,heuristic_track,real_world_ego,pace22_winner,timeout,,2026-04-11T15:09:32.922915,v3
ego_002079.txt,directed,heuristic_track,real_world_ego,pace22_winner,timeout,,2026-04-11T15:09:44.418628,v3
ego_002094.txt,directed,heuristic_track,real_world_ego,pace22_winner,timeout,,2026-04-11T15:10:01.732121,v3
ego_002098.txt,directed,heuristic_track,real_world_ego,pace22_winner,timeout,,2026-04-11T15:10:12.565061,v3
ego_002099.txt,directed,heuristic_track,real_world_ego,pace22_winner,timeout,,2026-04-11T15:10:22.823914,v3
ego_002100.txt,directed,heuristic_track,real_world_ego,pace22_winner,timeout,,2026-04-11T15:10:33.828984,v3
ego_002102.txt,directed,heuristic_track,real_world_ego,pace22_winner,timeout,,2026-04-11T15:10:45.826897,v3
ego_002112.txt,directed,heuristic_track,real_world_ego,pace22_winner,timeout,,2026-04-11T15:11:03.716116,v3
ego_002114.txt,directed,heuristic_track,real_world_ego,pace22_winner,timeout,,2026-04-11T15:11:19.933525,v3
ego_002119.txt,directed,heuristic_track,real_world_ego,pace22_winner,timeout,,2026-04-11T15:11:39.274378,v3
ego_002121.txt,directed,heuristic_track,real_world_ego,pace22_winner,timeout,,2026-04-11T15:11:49.431214,v3
ego_002132.txt,directed,heuristic_track,real_world_ego,pace22_winner,timeout,,2026-04-11T15:12:05.809345,v3
ego_002139.txt,directed,heuristic_track,real_world_ego,pace22_winner,timeout,,2026-04-11T15:12:17.619043,v3
ego_002140.txt,directed,heuristic_track,real_world_ego,pace22_winner,timeout,,2026-04-11T15:12:39.295898,v3
ego_002142.txt,directed,heuristic_track,real_world_ego,pace22_winner,timeout,,2026-04-11T15:12:49.679569,v3
ego_002144.txt,directed,heuristic_track,real_world_ego,pace22_winner,timeout,,2026-04-11T15:13:00.768009,v3
ego_002162.txt,directed,heuristic_track,real_world_ego,pace22_winner,timeout,,2026-04-11T15:13:21.564221,v3
ego_002165.txt,directed,heuristic_track,real_world_ego,pace22_winner,timeout,,2026-04-11T15:13:37.243986,v3
ego_002175.txt,directed,heuristic_track,real_world_ego,pace22_winner,timeout,,2026-04-11T15:13:48.653480,v3
ego_002183.txt,directed,heuristic_track,real_world_ego,pace22_winner,timeout,,2026-04-11T15:14:04.936730,v3
ego_002189.txt,directed,heuristic_track,real_world_ego,pace22_winner,timeout,,2026-04-11T15:14:25.763991,v3
ego_002194.txt,directed,heuristic_track,real_world_ego,pace22_winner,timeout,,2026-04-11T15:14:36.389052,v3
ego_002195.txt,directed,heuristic_track,real_world_ego,pace22_winner,timeout,,2026-04-11T15:14:46.574351,v3
ego_002199.txt,directed,heuristic_track,real_world_ego,pace22_winner,timeout,,2026-04-11T15:14:57.409484,v3
ego_002205.txt,directed,heuristic_track,real_world_ego,pace22_winner,timeout,,2026-04-11T15:15:14.632341,v3
ego_002213.txt,directed,heuristic_track,real_world_ego,pace22_winner,timeout,,2026-04-11T15:15:31.565191,v3
ego_002214.txt,directed,heuristic_track,real_world_ego,pace22_winner,timeout,,2026-04-11T15:15:53.839791,v3
ego_002216.txt,directed,heuristic_track,real_world_ego,pace22_winner,timeout,,2026-04-11T15:16:15.145474,v3
ego_002232.txt,directed,heuristic_track,real_world_ego,pace22_winner,timeout,,2026-04-11T15:16:25.447699,v3
ego_002233.txt,directed,heuristic_track,real_world_ego,pace22_winner,timeout,,2026-04-11T15:16:35.909214,v3
ego_002245.txt,directed,heuristic_track,real_world_ego,pace22_winner,timeout,,2026-04-11T15:16:46.827936,v3
ego_002250.txt,directed,heuristic_track,real_world_ego,pace22_winner,timeout,,2026-04-11T15:16:57.590849,v3
ego_002267.txt,directed,heuristic_track,real_world_ego,pace22_winner,timeout,,2026-04-11T15:17:07.677719,v3
ego_002270.txt,directed,heuristic_track,real_world_ego,pace22_winner,timeout,,2026-04-11T15:17:18.076911,v3
ego_002283.txt,directed,heuristic_track,real_world_ego,pace22_winner,timeout,,2026-04-11T15:17:31.387881,v3
ego_002295.txt,directed,heuristic_track,real_world_ego,pace22_winner,timeout,,2026-04-11T15:17:44.117951,v3
ego_002297.txt,directed,heuristic_track,real_world_ego,pace22_winner,timeout,,2026-04-11T15:18:03.605266,v3
ego_002299.txt,directed,heuristic_track,real_world_ego,pace22_winner,timeout,,2026-04-11T15:18:14.652324,v3
ego_002300.txt,directed,heuristic_track,real_world_ego,pace22_winner,timeout,,2026-04-11T15:18:33.066824,v3
ego_002305.txt,directed,heuristic_track,real_world_ego,pace22_winner,timeout,,2026-04-11T15:18:43.364617,v3
ego_002320.txt,directed,heuristic_track,real_world_ego,pace22_winner,timeout,,2026-04-11T15:18:57.821712,v3
ego_002331.txt,directed,heuristic_track,real_world_ego,pace22_winner,timeout,,2026-04-11T15:19:11.532224,v3
ego_002333.txt,directed,heuristic_track,real_world_ego,pace22_winner,timeout,,2026-04-11T15:19:36.934184,v3
ego_002334.txt,directed,heuristic_track,real_world_ego,pace22_winner,timeout,,2026-04-11T15:19:48.883936,v3
ego_002339.txt,directed,heuristic_track,real_world_ego,pace22_winner,timeout,,2026-04-11T15:20:09.911266,v3
ego_002347.txt,directed,heuristic_track,real_world_ego,pace22_winner,timeout,,2026-04-11T15:20:27.088964,v3
ego_002350.txt,directed,heuristic_track,real_world_ego,pace22_winner,timeout,,2026-04-11T15:20:40.657866,v3
ego_002359.txt,directed,heuristic_track,real_world_ego,pace22_winner,timeout,,2026-04-11T15:20:53.575310,v3
ego_002365.txt,directed,heuristic_track,real_world_ego,pace22_winner,timeout,,2026-04-11T15:21:09.567894,v3
ego_002367.txt,directed,heuristic_track,real_world_ego,pace22_winner,timeout,,2026-04-11T15:21:24.648887,v3
ego_002371.txt,directed,heuristic_track,real_world_ego,pace22_winner,timeout,,2026-04-11T15:21:35.054632,v3
ego_002380.txt,directed,heuristic_track,real_world_ego,pace22_winner,timeout,,2026-04-11T15:21:56.322573,v3
ego_002381.txt,directed,heuristic_track,real_world_ego,pace22_winner,timeout,,2026-04-11T15:22:17.806357,v3
ego_002382.txt,directed,heuristic_track,real_world_ego,pace22_winner,timeout,,2026-04-11T15:22:28.507253,v3
ego_002385.txt,directed,heuristic_track,real_world_ego,pace22_winner,timeout,,2026-04-11T15:22:40.127219,v3
ego_002392.txt,directed,heuristic_track,real_world_ego,pace22_winner,timeout,,2026-04-11T15:22:50.467046,v3
ego_002394.txt,directed,heuristic_track,real_world_ego,pace22_winner,timeout,,2026-04-11T15:23:03.737116,v3
ego_002396.txt,directed,heuristic_track,real_world_ego,pace22_winner,timeout,,2026-04-11T15:23:14.347614,v3
ego_002412.txt,directed,heuristic_track,real_world_ego,pace22_winner,timeout,,2026-04-11T15:23:26.299884,v3
ego_002415.txt,directed,heuristic_track,real_world_ego,pace22_winner,timeout,,2026-04-11T15:23:45.537195,v3
ego_002418.txt,directed,heuristic_track,real_world_ego,pace22_winner,timeout,,2026-04-11T15:24:01.040300,v3
ego_002419.txt,directed,heuristic_track,real_world_ego,pace22_winner,timeout,,2026-04-11T15:24:14.953743,v3
ego_002430.txt,directed,heuristic_track,real_world_ego,pace22_winner,timeout,,2026-04-11T15:24:25.094075,v3
ego_002434.txt,directed,heuristic_track,real_world_ego,pace22_winner,timeout,,2026-04-11T15:24:37.794033,v3
ego_002437.txt,directed,heuristic_track,real_world_ego,pace22_winner,timeout,,2026-04-11T15:24:48.690208,v3
ego_002438.txt,directed,heuristic_track,real_world_ego,pace22_winner,timeout,,2026-04-11T15:25:10.582701,v3
ego_002442.txt,directed,heuristic_track,real_world_ego,pace22_winner,timeout,,2026-04-11T15:25:32.325269,v3
ego_002443.txt,directed,heuristic_track,real_world_ego,pace22_winner,timeout,,2026-04-11T15:25:47.159639,v3
ego_002445.txt,directed,heuristic_track,real_world_ego,pace22_winner,timeout,,2026-04-11T15:25:58.173687,v3
ego_002458.txt,directed,heuristic_track,real_world_ego,pace22_winner,timeout,,2026-04-11T15:26:10.044146,v3
ego_002459.txt,directed,heuristic_track,real_world_ego,pace22_winner,timeout,,2026-04-11T15:26:23.480052,v3
ego_002473.txt,directed,heuristic_track,real_world_ego,pace22_winner,timeout,,2026-04-11T15:26:33.856938,v3
ego_002474.txt,directed,heuristic_track,real_world_ego,pace22_winner,timeout,,2026-04-11T15:26:50.580117,v3
ego_002480.txt,directed,heuristic_track,real_world_ego,pace22_winner,timeout,,2026-04-11T15:27:01.513236,v3
ego_002481.txt,directed,heuristic_track,real_world_ego,pace22_winner,timeout,,2026-04-11T15:27:13.850148,v3
ego_002488.txt,directed,heuristic_track,real_world_ego,pace22_winner,timeout,,2026-04-11T15:27:24.801601,v3
ego_002493.txt,directed,heuristic_track,real_world_ego,pace22_winner,timeout,,2026-04-11T15:27:35.033212,v3
ego_002500.txt,directed,heuristic_track,real_world_ego,pace22_winner,timeout,,2026-04-11T15:27:46.797999,v3
ego_002501.txt,directed,heuristic_track,real_world_ego,pace22_winner,timeout,,2026-04-11T15:27:57.568867,v3
ego_002504.txt,directed,heuristic_track,real_world_ego,pace22_winner,timeout,,2026-04-11T15:28:12.859482,v3
ego_002511.txt,directed,heuristic_track,real_world_ego,pace22_winner,timeout,,2026-04-11T15:28:24.341616,v3
ego_002520.txt,directed,heuristic_track,real_world_ego,pace22_winner,timeout,,2026-04-11T15:28:43.704717,v3
ego_002535.txt,directed,heuristic_track,real_world_ego,pace22_winner,timeout,,2026-04-11T15:28:58.817615,v3
ego_002539.txt,directed,heuristic_track,real_world_ego,pace22_winner,timeout,,2026-04-11T15:29:19.564809,v3
ego_002541.txt,directed,heuristic_track,real_world_ego,pace22_winner,timeout,,2026-04-11T15:29:34.466325,v3
ego_002545.txt,directed,heuristic_track,real_world_ego,pace22_winner,timeout,,2026-04-11T15:29:51.559074,v3
ego_002546.txt,directed,heuristic_track,real_world_ego,pace22_winner,timeout,,2026-04-11T15:30:08.653712,v3
ego_002578.txt,directed,heuristic_track,real_world_ego,pace22_winner,timeout,,2026-04-11T15:30:24.244437,v3
ego_002585.txt,directed,heuristic_track,real_world_ego,pace22_winner,timeout,,2026-04-11T15:30:34.481928,v3
ego_002617.txt,directed,heuristic_track,real_world_ego,pace22_winner,timeout,,2026-04-11T15:30:52.735973,v3
ego_002629.txt,directed,heuristic_track,real_world_ego,pace22_winner,timeout,,2026-04-11T15:31:04.121340,v3
ego_002632.txt,directed,heuristic_track,real_world_ego,pace22_winner,timeout,,2026-04-11T15:31:17.871775,v3
ego_002638.txt,directed,heuristic_track,real_world_ego,pace22_winner,timeout,,2026-04-11T15:31:33.511357,v3
ego_002641.txt,directed,heuristic_track,real_world_ego,pace22_winner,timeout,,2026-04-11T15:31:47.487346,v3
ego_002652.txt,directed,heuristic_track,real_world_ego,pace22_winner,timeout,,2026-04-11T15:31:59.524229,v3
ego_002654.txt,directed,heuristic_track,real_world_ego,pace22_winner,timeout,,2026-04-11T15:32:18.930648,v3
ego_002657.txt,directed,heuristic_track,real_world_ego,pace22_winner,timeout,,2026-04-11T15:32:40.814668,v3
ego_002660.txt,directed,heuristic_track,real_world_ego,pace22_winner,timeout,,2026-04-11T15:32:58.782195,v3
ego_002667.txt,directed,heuristic_track,real_world_ego,pace22_winner,timeout,,2026-04-11T15:33:21.283269,v3
ego_002676.txt,directed,heuristic_track,real_world_ego,pace22_winner,timeout,,2026-04-11T15:33:31.995911,v3
ego_002678.txt,directed,heuristic_track,real_world_ego,pace22_winner,timeout,,2026-04-11T15:33:44.432970,v3
ego_002681.txt,directed,heuristic_track,real_world_ego,pace22_winner,timeout,,2026-04-11T15:34:00.120291,v3
ego_002686.txt,directed,heuristic_track,real_world_ego,pace22_winner,timeout,,2026-04-11T15:34:18.671076,v3
ego_002690.txt,directed,heuristic_track,real_world_ego,pace22_winner,timeout,,2026-04-11T15:34:37.500707,v3
ego_002695.txt,directed,heuristic_track,real_world_ego,pace22_winner,timeout,,2026-04-11T15:34:54.773000,v3
ego_002706.txt,directed,heuristic_track,real_world_ego,pace22_winner,timeout,,2026-04-11T15:35:08.456807,v3
ego_002711.txt,directed,heuristic_track,real_world_ego,pace22_winner,timeout,,2026-04-11T15:35:20.413878,v3
ego_002712.txt,directed,heuristic_track,real_world_ego,pace22_winner,timeout,,2026-04-11T15:35:35.702364,v3
ego_002717.txt,directed,heuristic_track,real_world_ego,pace22_winner,timeout,,2026-04-11T15:35:53.477442,v3
ego_002719.txt,directed,heuristic_track,real_world_ego,pace22_winner,timeout,,2026-04-11T15:36:14.261536,v3
ego_002721.txt,directed,heuristic_track,real_world_ego,pace22_winner,timeout,,2026-04-11T15:36:26.691033,v3
ego_002729.txt,directed,heuristic_track,real_world_ego,pace22_winner,timeout,,2026-04-11T15:36:46.917459,v3
ego_002734.txt,directed,heuristic_track,real_world_ego,pace22_winner,timeout,,2026-04-11T15:36:59.918077,v3
ego_002747.txt,directed,heuristic_track,real_world_ego,pace22_winner,timeout,,2026-04-11T15:37:11.177251,v3
ego_002748.txt,directed,heuristic_track,real_world_ego,pace22_winner,timeout,,2026-04-11T15:37:24.757771,v3
ego_002758.txt,directed,heuristic_track,real_world_ego,pace22_winner,timeout,,2026-04-11T15:37:46.438976,v3
ego_002762.txt,directed,heuristic_track,real_world_ego,pace22_winner,timeout,,2026-04-11T15:37:56.591786,v3
ego_002772.txt,directed,heuristic_track,real_world_ego,pace22_winner,timeout,,2026-04-11T15:38:06.795132,v3
ego_002785.txt,directed,heuristic_track,real_world_ego,pace22_winner,timeout,,2026-04-11T15:38:19.426183,v3
ego_002786.txt,directed,heuristic_track,real_world_ego,pace22_winner,timeout,,2026-04-11T15:38:31.207990,v3
ego_002805.txt,directed,heuristic_track,real_world_ego,pace22_winner,timeout,,2026-04-11T15:38:45.265009,v3
ego_002812.txt,directed,heuristic_track,real_world_ego,pace22_winner,timeout,,2026-04-11T15:38:55.722961,v3
ego_002816.txt,directed,heuristic_track,real_world_ego,pace22_winner,timeout,,2026-04-11T15:39:09.525137,v3
ego_002818.txt,directed,heuristic_track,real_world_ego,pace22_winner,timeout,,2026-04-11T15:39:20.261464,v3
ego_002830.txt,directed,heuristic_track,real_world_ego,pace22_winner,timeout,,2026-04-11T15:39:39.800172,v3
ego_002839.txt,directed,heuristic_track,real_world_ego,pace22_winner,timeout,,2026-04-11T15:39:50.330771,v3
ego_002846.txt,directed,heuristic_track,real_world_ego,pace22_winner,timeout,,2026-04-11T15:40:00.826378,v3
ego_002848.txt,directed,heuristic_track,real_world_ego,pace22_winner,timeout,,2026-04-11T15:40:16.869261,v3
ego_002851.txt,directed,heuristic_track,real_world_ego,pace22_winner,timeout,,2026-04-11T15:40:32.741237,v3
ego_002859.txt,directed,heuristic_track,real_world_ego,pace22_winner,timeout,,2026-04-11T15:40:49.955971,v3
ego_002870.txt,directed,heuristic_track,real_world_ego,pace22_winner,timeout,,2026-04-11T15:41:00.142157,v3
ego_002874.txt,directed,heuristic_track,real_world_ego,pace22_winner,timeout,,2026-04-11T15:41:16.656737,v3
ego_002889.txt,directed,heuristic_track,real_world_ego,pace22_winner,timeout,,2026-04-11T15:41:45.857752,v3
ego_002891.txt,directed,heuristic_track,real_world_ego,pace22_winner,timeout,,2026-04-11T15:42:07.449809,v3
ego_002897.txt,directed,heuristic_track,real_world_ego,pace22_winner,timeout,,2026-04-11T15:42:24.432239,v3
ego_002910.txt,directed,heuristic_track,real_world_ego,pace22_winner,timeout,,2026-04-11T15:42:43.895128,v3
ego_002915.txt,directed,heuristic_track,real_world_ego,pace22_winner,timeout,,2026-04-11T15:42:57.367617,v3
ego_002917.txt,directed,heuristic_track,real_world_ego,pace22_winner,timeout,,2026-04-11T15:43:16.337311,v3
ego_002926.txt,directed,heuristic_track,real_world_ego,pace22_winner,timeout,,2026-04-11T15:43:26.532941,v3
ego_002927.txt,directed,heuristic_track,real_world_ego,pace22_winner,timeout,,2026-04-11T15:43:44.113861,v3
ego_002929.txt,directed,heuristic_track,real_world_ego,pace22_winner,timeout,,2026-04-11T15:44:01.419831,v3
ego_002961.txt,directed,heuristic_track,real_world_ego,pace22_winner,timeout,,2026-04-11T15:44:18.628904,v3
ego_002963.txt,directed,heuristic_track,real_world_ego,pace22_winner,timeout,,2026-04-11T15:44:30.714724,v3
ego_002968.txt,directed,heuristic_track,real_world_ego,pace22_winner,timeout,,2026-04-11T15:44:56.519845,v3
ego_002980.txt,directed,heuristic_track,real_world_ego,pace22_winner,timeout,,2026-04-11T15:45:11.622229,v3
ego_002983.txt,directed,heuristic_track,real_world_ego,pace22_winner,timeout,,2026-04-11T15:45:22.954173,v3
ego_002996.txt,directed,heuristic_track,real_world_ego,pace22_winner,timeout,,2026-04-11T15:45:33.062305,v3
er_000000.txt,directed,heuristic_track,random_er,pace22_winner,timeout,,2026-04-11T15:45:43.250890,v3
er_000001.txt,directed,heuristic_track,random_er,pace22_winner,timeout,,2026-04-11T15:45:53.773294,v3
er_000002.txt,directed,heuristic_track,random_er,pace22_winner,timeout,,2026-04-11T15:46:03.923755,v3
er_000003.txt,directed,heuristic_track,random_er,pace22_winner,timeout,,2026-04-11T15:46:16.273523,v3
er_000004.txt,directed,heuristic_track,random_er,pace22_winner,timeout,,2026-04-11T15:46:16.273523,v3

