experiment_id,instance_id,graph_type,n_vertices,n_edges,graph_density,algorithm,run_number,fvs_size,optimal_fvs_size,approximation_ratio,optimality_gap_pct,wall_time_sec,cpu_time_sec,peak_memory_mb,is_valid_solution,notes,timestamp
EXP1,realworld_bull,realworld,5,5,0.500000,IC,1,1,,,,0.002542,0.002105,0.020,True,,2026-03-24T12:37:25.377837
EXP1,realworld_bull,realworld,5,5,0.500000,KBST,1,1,,,,0.000892,0.000370,0.004,True,,2026-03-24T12:37:25.379360
EXP1,realworld_bull,realworld,5,5,0.500000,MEMETIC,1,1,,,,0.562355,0.561384,0.049,True,,2026-03-24T12:37:25.942570
EXP2,realworld_bull,realworld,5,5,0.500000,IC,1,1,,,,0.002080,0.001676,0.000,True,,2026-03-24T12:37:25.945871
EXP2,realworld_bull,realworld,5,5,0.500000,KBST,1,1,,,,0.000803,0.000790,0.000,True,,2026-03-24T12:37:25.947452
EXP2,realworld_bull,realworld,5,5,0.500000,MEMETIC,1,1,,,,1.301023,1.299704,0.070,True,,2026-03-24T12:37:27.249339
EXP3,realworld_bull,realworld,5,5,0.500000,IC,1,1,,,,0.002130,0.001364,0.000,True,,2026-03-24T12:37:27.275238
EXP3,realworld_bull,realworld,5,5,0.500000,KBST,1,1,,,,0.000684,0.000526,0.000,True,,2026-03-24T12:37:27.276463
EXP3,realworld_bull,realworld,5,5,0.500000,MEMETIC,1,1,,,,1.382859,1.381245,0.025,True,,2026-03-24T12:37:28.660075
EXP8,realworld_bull,realworld,5,5,0.500000,BRUTE_FORCE,1,1,1,1.0,0.0,0.001466,0.001148,0.057,True,Ground truth,2026-03-24T12:37:28.666655
EXP8,realworld_bull,realworld,5,5,0.500000,IC,1,1,1,1.0,0.0,0.002189,0.002159,0.004,True,,2026-03-24T12:37:28.669373
EXP8,realworld_bull,realworld,5,5,0.500000,KBST,1,1,1,1.0,0.0,0.000785,0.000429,0.000,True,,2026-03-24T12:37:28.670646
EXP8,realworld_bull,realworld,5,5,0.500000,MEMETIC,1,1,1,1.0,0.0,0.565869,0.565157,0.008,True,,2026-03-24T12:37:29.237192
EXP9,realworld_bull,realworld,5,5,0.500000,IC,1,1,,,,0.002033,0.001195,0.000,True,"density=0.5000, avg_deg=2.00",2026-03-24T12:37:29.240251
EXP9,realworld_bull,realworld,5,5,0.500000,KBST,1,1,,,,0.000993,0.000539,0.000,True,"density=0.5000, avg_deg=2.00",2026-03-24T12:37:29.241797
EXP9,realworld_bull,realworld,5,5,0.500000,MEMETIC,1,1,,,,1.337733,1.336357,0.045,True,"density=0.5000, avg_deg=2.00",2026-03-24T12:37:30.580327
EXP1,Grid_3x3,Grid,9,12,0.333333,IC,1,3,,,,0.002895,0.002839,0.008,True,,2026-03-24T12:37:30.584468
EXP1,Grid_3x3,Grid,9,12,0.333333,KBST,1,3,,,,0.001028,0.000340,0.000,True,,2026-03-24T12:37:30.586245
EXP1,Grid_3x3,Grid,9,12,0.333333,MEMETIC,1,9,,,,2.197203,2.195480,0.229,True,,2026-03-24T12:37:32.784218
EXP2,Grid_3x3,Grid,9,12,0.333333,IC,1,3,,,,0.002870,0.002023,0.008,True,,2026-03-24T12:37:32.788285
EXP2,Grid_3x3,Grid,9,12,0.333333,KBST,1,3,,,,0.001308,0.000503,0.004,True,,2026-03-24T12:37:32.790156
EXP2,Grid_3x3,Grid,9,12,0.333333,MEMETIC,1,9,,,,5.529249,5.526065,0.102,True,,2026-03-24T12:37:38.319998
EXP3,Grid_3x3,Grid,9,12,0.333333,IC,1,3,,,,0.002938,0.002924,0.000,True,,2026-03-24T12:37:38.333413
EXP3,Grid_3x3,Grid,9,12,0.333333,KBST,1,3,,,,0.001379,0.000443,0.000,True,,2026-03-24T12:37:38.335472
EXP3,Grid_3x3,Grid,9,12,0.333333,MEMETIC,1,9,,,,5.586546,5.583224,0.225,True,,2026-03-24T12:37:43.922600
EXP8,Grid_3x3,Grid,9,12,0.333333,BRUTE_FORCE,1,2,2,1.0,0.0,0.001215,0.000626,0.000,True,Ground truth,2026-03-24T12:37:43.928940
EXP8,Grid_3x3,Grid,9,12,0.333333,IC,1,3,2,1.5,50.0,0.003005,0.002800,0.000,True,,2026-03-24T12:37:43.932668
EXP8,Grid_3x3,Grid,9,12,0.333333,KBST,1,3,2,1.5,50.0,0.001312,0.001149,0.000,True,,2026-03-24T12:37:43.934624
EXP8,Grid_3x3,Grid,9,12,0.333333,MEMETIC,1,9,2,4.5,350.0,2.187469,2.186463,0.020,True,,2026-03-24T12:37:46.122752
EXP1,ER_n10_p0.1_seed1,ER,10,4,0.088889,IC,1,0,,,,0.001830,0.001387,0.000,True,,2026-03-24T12:37:46.125913
EXP1,ER_n10_p0.1_seed1,ER,10,4,0.088889,KBST,1,0,,,,0.000659,0.000283,0.000,True,,2026-03-24T12:37:46.127271
EXP1,ER_n10_p0.1_seed1,ER,10,4,0.088889,MEMETIC,1,0,,,,0.185728,0.185458,0.000,True,,2026-03-24T12:37:46.313770
EXP2,ER_n10_p0.1_seed1,ER,10,4,0.088889,IC,1,0,,,,0.001862,0.001393,0.000,True,,2026-03-24T12:37:46.316940
EXP2,ER_n10_p0.1_seed1,ER,10,4,0.088889,KBST,1,0,,,,0.000633,0.000280,0.000,True,,2026-03-24T12:37:46.318187
EXP2,ER_n10_p0.1_seed1,ER,10,4,0.088889,MEMETIC,1,0,,,,0.469298,0.468361,0.004,True,,2026-03-24T12:37:46.788337
EXP3,ER_n10_p0.1_seed1,ER,10,4,0.088889,IC,1,0,,,,0.001847,0.001720,0.000,True,,2026-03-24T12:37:46.797686
EXP3,ER_n10_p0.1_seed1,ER,10,4,0.088889,KBST,1,0,,,,0.000730,0.000310,0.000,True,,2026-03-24T12:37:46.799022
EXP3,ER_n10_p0.1_seed1,ER,10,4,0.088889,MEMETIC,1,0,,,,0.468173,0.467623,0.000,True,,2026-03-24T12:37:47.268012
EXP8,ER_n10_p0.1_seed1,ER,10,4,0.088889,BRUTE_FORCE,1,0,0,1.0,0.0,0.000755,0.000674,0.000,True,Ground truth,2026-03-24T12:37:47.274447
EXP8,ER_n10_p0.1_seed1,ER,10,4,0.088889,IC,1,0,0,1.0,0.0,0.001735,0.001358,0.000,True,,2026-03-24T12:37:47.276825
EXP8,ER_n10_p0.1_seed1,ER,10,4,0.088889,KBST,1,0,0,1.0,0.0,0.000592,0.000254,0.000,True,,2026-03-24T12:37:47.278001
EXP8,ER_n10_p0.1_seed1,ER,10,4,0.088889,MEMETIC,1,0,0,1.0,0.0,0.186115,0.185207,0.000,True,,2026-03-24T12:37:47.464793
EXP1,Tree_random_n10,Tree,10,9,0.200000,IC,1,0,,,,0.002092,0.001224,0.000,True,,2026-03-24T12:37:47.468385
EXP1,Tree_random_n10,Tree,10,9,0.200000,KBST,1,0,,,,0.000827,0.000388,0.000,True,,2026-03-24T12:37:47.469843
EXP1,Tree_random_n10,Tree,10,9,0.200000,MEMETIC,1,0,,,,0.276192,0.275932,0.000,True,,2026-03-24T12:37:47.746798
EXP2,Tree_random_n10,Tree,10,9,0.200000,IC,1,0,,,,0.001835,0.001572,0.000,True,,2026-03-24T12:37:47.749701
EXP2,Tree_random_n10,Tree,10,9,0.200000,KBST,1,0,,,,0.000941,0.000336,0.000,True,,2026-03-24T12:37:47.751343
EXP2,Tree_random_n10,Tree,10,9,0.200000,MEMETIC,1,0,,,,0.560465,0.560156,0.000,True,,2026-03-24T12:37:48.312660
EXP3,Tree_random_n10,Tree,10,9,0.200000,IC,1,0,,,,0.002120,0.001375,0.000,True,,2026-03-24T12:37:48.322343
EXP3,Tree_random_n10,Tree,10,9,0.200000,KBST,1,0,,,,0.000730,0.000442,0.000,True,,2026-03-24T12:37:48.323621
EXP3,Tree_random_n10,Tree,10,9,0.200000,MEMETIC,1,0,,,,0.573457,0.572701,0.000,True,,2026-03-24T12:37:48.897804
EXP8,Tree_random_n10,Tree,10,9,0.200000,BRUTE_FORCE,1,0,0,1.0,0.0,0.000622,0.000309,0.000,True,Ground truth,2026-03-24T12:37:48.904056
EXP8,Tree_random_n10,Tree,10,9,0.200000,IC,1,0,0,1.0,0.0,0.002030,0.001692,0.000,True,,2026-03-24T12:37:48.906827
EXP8,Tree_random_n10,Tree,10,9,0.200000,KBST,1,0,0,1.0,0.0,0.000779,0.000356,0.000,True,,2026-03-24T12:37:48.908328
EXP8,Tree_random_n10,Tree,10,9,0.200000,MEMETIC,1,0,0,1.0,0.0,0.226658,0.226280,0.000,True,,2026-03-24T12:37:49.135805
EXP1,Tree_star_n10,Tree,10,9,0.200000,IC,1,0,,,,0.002001,0.001169,0.000,True,,2026-03-24T12:37:49.139396
EXP1,Tree_star_n10,Tree,10,9,0.200000,KBST,1,0,,,,0.000697,0.000361,0.000,True,,2026-03-24T12:37:49.140691
EXP1,Tree_star_n10,Tree,10,9,0.200000,MEMETIC,1,0,,,,0.225028,0.223768,0.000,True,,2026-03-24T12:37:49.366502
EXP2,Tree_star_n10,Tree,10,9,0.200000,IC,1,0,,,,0.002026,0.001814,0.000,True,,2026-03-24T12:37:49.369676
EXP2,Tree_star_n10,Tree,10,9,0.200000,KBST,1,0,,,,0.000707,0.000324,0.000,True,,2026-03-24T12:37:49.371057
EXP2,Tree_star_n10,Tree,10,9,0.200000,MEMETIC,1,0,,,,0.565113,0.564646,0.000,True,,2026-03-24T12:37:49.937078
EXP3,Tree_star_n10,Tree,10,9,0.200000,IC,1,0,,,,0.002084,0.001545,0.000,True,,2026-03-24T12:37:49.947064
EXP3,Tree_star_n10,Tree,10,9,0.200000,KBST,1,0,,,,0.000741,0.000696,0.000,True,,2026-03-24T12:37:49.948410
EXP3,Tree_star_n10,Tree,10,9,0.200000,MEMETIC,1,0,,,,0.567714,0.566961,0.000,True,,2026-03-24T12:37:50.516909
EXP8,Tree_star_n10,Tree,10,9,0.200000,BRUTE_FORCE,1,0,0,1.0,0.0,0.000838,0.000456,0.000,True,Ground truth,2026-03-24T12:37:50.523739
EXP8,Tree_star_n10,Tree,10,9,0.200000,IC,1,0,0,1.0,0.0,0.002330,0.002005,0.000,True,,2026-03-24T12:37:50.526767
EXP8,Tree_star_n10,Tree,10,9,0.200000,KBST,1,0,0,1.0,0.0,0.000710,0.000319,0.000,True,,2026-03-24T12:37:50.528113
EXP8,Tree_star_n10,Tree,10,9,0.200000,MEMETIC,1,0,0,1.0,0.0,0.222011,0.221643,0.000,True,,2026-03-24T12:37:50.750910
EXP1,ER_n10_p0.3_seed1,ER,10,14,0.311111,IC,1,5,,,,0.001260,0.001122,0.000,True,,2026-03-24T12:37:50.753601
EXP1,ER_n10_p0.3_seed1,ER,10,14,0.311111,KBST,1,2,,,,0.001059,0.000293,0.000,True,,2026-03-24T12:37:50.755231
EXP1,ER_n10_p0.3_seed1,ER,10,14,0.311111,MEMETIC,1,10,,,,2.753834,2.751135,0.000,True,,2026-03-24T12:37:53.509690
EXP2,ER_n10_p0.3_seed1,ER,10,14,0.311111,IC,1,5,,,,0.001106,0.000728,0.000,True,,2026-03-24T12:37:53.511795
EXP2,ER_n10_p0.3_seed1,ER,10,14,0.311111,KBST,1,2,,,,0.001276,0.000972,0.000,True,,2026-03-24T12:37:53.513731
EXP2,ER_n10_p0.3_seed1,ER,10,14,0.311111,MEMETIC,1,10,,,,6.559715,6.556022,0.016,True,,2026-03-24T12:38:00.074086
EXP3,ER_n10_p0.3_seed1,ER,10,14,0.311111,IC,1,5,,,,0.001075,0.000366,0.000,True,,2026-03-24T12:38:00.083223
EXP3,ER_n10_p0.3_seed1,ER,10,14,0.311111,KBST,1,2,,,,0.001325,0.000574,0.000,True,,2026-03-24T12:38:00.085257
EXP3,ER_n10_p0.3_seed1,ER,10,14,0.311111,MEMETIC,1,10,,,,6.649370,6.643500,0.066,True,,2026-03-24T12:38:06.735306
EXP8,ER_n10_p0.3_seed1,ER,10,14,0.311111,BRUTE_FORCE,1,2,2,1.0,0.0,0.001266,0.000634,0.000,True,Ground truth,2026-03-24T12:38:06.742876
EXP8,ER_n10_p0.3_seed1,ER,10,14,0.311111,IC,1,5,2,2.5,150.0,0.001292,0.000889,0.000,True,,2026-03-24T12:38:06.744804
EXP8,ER_n10_p0.3_seed1,ER,10,14,0.311111,KBST,1,2,2,1.0,0.0,0.001043,0.000995,0.000,True,,2026-03-24T12:38:06.746559
EXP8,ER_n10_p0.3_seed1,ER,10,14,0.311111,MEMETIC,1,10,2,5.0,400.0,2.646895,2.645012,0.000,True,,2026-03-24T12:38:09.394080
EXP1,realworld_petersen,realworld,10,15,0.333333,IC,1,4,,,,0.001056,0.000294,0.000,True,,2026-03-24T12:38:09.396245
EXP1,realworld_petersen,realworld,10,15,0.333333,KBST,1,3,,,,0.001430,0.000599,0.000,True,,2026-03-24T12:38:09.398329
EXP1,realworld_petersen,realworld,10,15,0.333333,MEMETIC,1,10,,,,2.795411,2.793513,0.000,True,,2026-03-24T12:38:12.194675
EXP2,realworld_petersen,realworld,10,15,0.333333,IC,1,4,,,,0.001220,0.000435,0.000,True,,2026-03-24T12:38:12.197549
EXP2,realworld_petersen,realworld,10,15,0.333333,KBST,1,3,,,,0.001538,0.001054,0.000,True,,2026-03-24T12:38:12.199996
EXP2,realworld_petersen,realworld,10,15,0.333333,MEMETIC,1,10,,,,6.769191,6.762981,0.000,True,,2026-03-24T12:38:18.969856
EXP3,realworld_petersen,realworld,10,15,0.333333,IC,1,4,,,,0.001055,0.000410,0.000,True,,2026-03-24T12:38:18.979041
EXP3,realworld_petersen,realworld,10,15,0.333333,KBST,1,3,,,,0.001167,0.000752,0.000,True,,2026-03-24T12:38:18.980738
EXP3,realworld_petersen,realworld,10,15,0.333333,MEMETIC,1,10,,,,6.826375,6.816355,0.000,True,,2026-03-24T12:38:25.807741
EXP8,realworld_petersen,realworld,10,15,0.333333,BRUTE_FORCE,1,3,3,1.0,0.0,0.003393,0.002942,0.000,True,Ground truth,2026-03-24T12:38:25.817796
EXP8,realworld_petersen,realworld,10,15,0.333333,IC,1,4,3,1.3333333333333333,33.33333333333333,0.001016,0.000979,0.000,True,,2026-03-24T12:38:25.819555
EXP8,realworld_petersen,realworld,10,15,0.333333,KBST,1,3,3,1.0,0.0,0.001411,0.001230,0.000,True,,2026-03-24T12:38:25.821566
EXP8,realworld_petersen,realworld,10,15,0.333333,MEMETIC,1,10,3,3.3333333333333335,233.33333333333334,2.752841,2.746894,0.000,True,,2026-03-24T12:38:28.575220
EXP9,realworld_petersen,realworld,10,15,0.333333,IC,1,4,,,,0.000975,0.000329,0.000,True,"density=0.3333, avg_deg=3.00",2026-03-24T12:38:28.577214
EXP9,realworld_petersen,realworld,10,15,0.333333,KBST,1,3,,,,0.001322,0.000593,0.000,True,"density=0.3333, avg_deg=3.00",2026-03-24T12:38:28.579194
EXP9,realworld_petersen,realworld,10,15,0.333333,MEMETIC,1,10,,,,6.800591,6.794123,0.000,True,"density=0.3333, avg_deg=3.00",2026-03-24T12:38:35.380490
EXP1,BA_n10_m2_seed1,BA,10,16,0.355556,IC,1,4,,,,0.001273,0.000833,0.000,True,,2026-03-24T12:38:35.382861
EXP1,BA_n10_m2_seed1,BA,10,16,0.355556,KBST,1,2,,,,0.001175,0.000868,0.000,True,,2026-03-24T12:38:35.384668
EXP1,BA_n10_m2_seed1,BA,10,16,0.355556,MEMETIC,1,10,,,,2.798403,2.795379,0.000,True,,2026-03-24T12:38:38.183798
EXP2,BA_n10_m2_seed1,BA,10,16,0.355556,IC,1,4,,,,0.001531,0.001410,0.000,True,,2026-03-24T12:38:38.186525
EXP2,BA_n10_m2_seed1,BA,10,16,0.355556,KBST,1,2,,,,0.001142,0.000240,0.000,True,,2026-03-24T12:38:38.188239
EXP2,BA_n10_m2_seed1,BA,10,16,0.355556,MEMETIC,1,10,,,,6.928032,6.918707,0.000,True,,2026-03-24T12:38:45.116952
EXP3,BA_n10_m2_seed1,BA,10,16,0.355556,IC,1,4,,,,0.001405,0.001272,0.000,True,,2026-03-24T12:38:45.126619
EXP3,BA_n10_m2_seed1,BA,10,16,0.355556,KBST,1,2,,,,0.001249,0.001159,0.000,True,,2026-03-24T12:38:45.128520
EXP3,BA_n10_m2_seed1,BA,10,16,0.355556,MEMETIC,1,10,,,,6.831510,6.825830,0.000,True,,2026-03-24T12:38:51.960736
EXP8,BA_n10_m2_seed1,BA,10,16,0.355556,BRUTE_FORCE,1,2,2,1.0,0.0,0.001218,0.000531,0.000,True,Ground truth,2026-03-24T12:38:51.969010
EXP8,BA_n10_m2_seed1,BA,10,16,0.355556,IC,1,4,2,2.0,100.0,0.001345,0.000809,0.000,True,,2026-03-24T12:38:51.971007
EXP8,BA_n10_m2_seed1,BA,10,16,0.355556,KBST,1,2,2,1.0,0.0,0.001382,0.000778,0.000,True,,2026-03-24T12:38:51.973057
EXP8,BA_n10_m2_seed1,BA,10,16,0.355556,MEMETIC,1,10,2,5.0,400.0,2.767525,2.763456,0.000,True,,2026-03-24T12:38:54.741294
EXP1,BA_n10_m3_seed1,BA,10,21,0.466667,IC,1,10,,,,0.000556,0.000288,0.000,True,,2026-03-24T12:38:54.743164
EXP1,BA_n10_m3_seed1,BA,10,21,0.466667,KBST,1,10,,,,0.000379,0.000221,0.000,True,,2026-03-24T12:38:54.743986
EXP1,BA_n10_m3_seed1,BA,10,21,0.466667,MEMETIC,1,10,,,,3.147956,3.141189,0.000,True,,2026-03-24T12:38:57.892607
EXP2,BA_n10_m3_seed1,BA,10,21,0.466667,IC,1,10,,,,0.000830,0.000643,0.000,True,,2026-03-24T12:38:57.894535
EXP2,BA_n10_m3_seed1,BA,10,21,0.466667,KBST,1,10,,,,0.000540,0.000277,0.000,True,,2026-03-24T12:38:57.895765
EXP2,BA_n10_m3_seed1,BA,10,21,0.466667,MEMETIC,1,10,,,,8.054019,8.032125,0.000,True,,2026-03-24T12:39:05.950548
EXP3,BA_n10_m3_seed1,BA,10,21,0.466667,IC,1,10,,,,0.000756,0.000326,0.000,True,,2026-03-24T12:39:05.960107
EXP3,BA_n10_m3_seed1,BA,10,21,0.466667,KBST,1,10,,,,0.000450,0.000270,0.000,True,,2026-03-24T12:39:05.961074
EXP3,BA_n10_m3_seed1,BA,10,21,0.466667,MEMETIC,1,10,,,,7.971072,7.947185,0.000,True,,2026-03-24T12:39:13.932823
EXP8,BA_n10_m3_seed1,BA,10,21,0.466667,BRUTE_FORCE,1,3,3,1.0,0.0,0.002520,0.002513,0.000,True,Ground truth,2026-03-24T12:39:13.942396
EXP8,BA_n10_m3_seed1,BA,10,21,0.466667,IC,1,10,3,3.3333333333333335,233.33333333333334,0.000655,0.000379,0.000,True,,2026-03-24T12:39:13.943696
EXP8,BA_n10_m3_seed1,BA,10,21,0.466667,KBST,1,10,3,3.3333333333333335,233.33333333333334,0.000446,0.000264,0.000,True,,2026-03-24T12:39:13.944654
EXP8,BA_n10_m3_seed1,BA,10,21,0.466667,MEMETIC,1,10,3,3.3333333333333335,233.33333333333334,3.128423,3.121325,0.000,True,,2026-03-24T12:39:17.073645
EXP1,ER_n10_p0.5_seed1,ER,10,21,0.466667,IC,1,10,,,,0.000708,0.000389,0.000,True,,2026-03-24T12:39:17.075683
EXP1,ER_n10_p0.5_seed1,ER,10,21,0.466667,KBST,1,10,,,,0.000503,0.000260,0.000,True,,2026-03-24T12:39:17.076724
EXP1,ER_n10_p0.5_seed1,ER,10,21,0.466667,MEMETIC,1,10,,,,3.193867,3.187239,0.000,True,,2026-03-24T12:39:20.271224
EXP2,ER_n10_p0.5_seed1,ER,10,21,0.466667,IC,1,10,,,,0.000645,0.000359,0.000,True,,2026-03-24T12:39:20.272820
EXP2,ER_n10_p0.5_seed1,ER,10,21,0.466667,KBST,1,10,,,,0.000349,0.000218,0.000,True,,2026-03-24T12:39:20.273627
EXP2,ER_n10_p0.5_seed1,ER,10,21,0.466667,MEMETIC,1,10,,,,7.838515,7.827996,0.000,True,,2026-03-24T12:39:28.112744
EXP3,ER_n10_p0.5_seed1,ER,10,21,0.466667,IC,1,10,,,,0.000688,0.000659,0.000,True,,2026-03-24T12:39:28.122559
EXP3,ER_n10_p0.5_seed1,ER,10,21,0.466667,KBST,1,10,,,,0.000586,0.000327,0.000,True,,2026-03-24T12:39:28.123710
EXP3,ER_n10_p0.5_seed1,ER,10,21,0.466667,MEMETIC,1,10,,,,7.886779,7.877101,0.000,True,,2026-03-24T12:39:36.011247
EXP8,ER_n10_p0.5_seed1,ER,10,21,0.466667,BRUTE_FORCE,1,4,4,1.0,0.0,0.007776,0.006900,0.000,True,Ground truth,2026-03-24T12:39:36.026279
EXP8,ER_n10_p0.5_seed1,ER,10,21,0.466667,IC,1,10,4,2.5,150.0,0.000555,0.000328,0.000,True,,2026-03-24T12:39:36.027541
EXP8,ER_n10_p0.5_seed1,ER,10,21,0.466667,KBST,1,10,4,2.5,150.0,0.000385,0.000257,0.000,True,,2026-03-24T12:39:36.028484
EXP8,ER_n10_p0.5_seed1,ER,10,21,0.466667,MEMETIC,1,10,4,2.5,150.0,3.116440,3.114540,0.000,True,,2026-03-24T12:39:39.145600
EXP1,BA_n10_m5_seed1,BA,10,25,0.555556,IC,1,10,,,,0.000595,0.000609,0.000,True,,2026-03-24T12:39:39.147324
EXP1,BA_n10_m5_seed1,BA,10,25,0.555556,KBST,1,10,,,,0.000407,0.000234,0.000,True,,2026-03-24T12:39:39.148235
EXP1,BA_n10_m5_seed1,BA,10,25,0.555556,MEMETIC,1,10,,,,3.509326,3.504340,0.000,True,,2026-03-24T12:39:42.658322
EXP2,BA_n10_m5_seed1,BA,10,25,0.555556,IC,1,10,,,,0.000563,0.000265,0.000,True,,2026-03-24T12:39:42.660008
EXP2,BA_n10_m5_seed1,BA,10,25,0.555556,KBST,1,10,,,,0.000430,0.000249,0.000,True,,2026-03-24T12:39:42.660982
EXP2,BA_n10_m5_seed1,BA,10,25,0.555556,MEMETIC,1,10,,,,8.716969,8.704026,0.000,True,,2026-03-24T12:39:51.378534
EXP3,BA_n10_m5_seed1,BA,10,25,0.555556,IC,1,10,,,,0.000729,0.000345,0.000,True,,2026-03-24T12:39:51.388204
EXP3,BA_n10_m5_seed1,BA,10,25,0.555556,KBST,1,10,,,,0.000485,0.000255,0.000,True,,2026-03-24T12:39:51.389361
EXP3,BA_n10_m5_seed1,BA,10,25,0.555556,MEMETIC,1,10,,,,8.783282,8.768638,0.000,True,,2026-03-24T12:40:00.173240
EXP8,BA_n10_m5_seed1,BA,10,25,0.555556,BRUTE_FORCE,1,4,4,1.0,0.0,0.007556,0.006770,0.000,True,Ground truth,2026-03-24T12:40:00.188187
EXP8,BA_n10_m5_seed1,BA,10,25,0.555556,IC,1,10,4,2.5,150.0,0.000576,0.000608,0.000,True,,2026-03-24T12:40:00.189442
EXP8,BA_n10_m5_seed1,BA,10,25,0.555556,KBST,1,10,4,2.5,150.0,0.000564,0.000357,0.000,True,,2026-03-24T12:40:00.190658
EXP8,BA_n10_m5_seed1,BA,10,25,0.555556,MEMETIC,1,10,4,2.5,150.0,3.587120,3.579342,0.000,True,,2026-03-24T12:40:03.778432
EXP1,ER_n10_p0.7_seed1,ER,10,29,0.644444,IC,1,10,,,,0.000554,0.000258,0.000,True,,2026-03-24T12:40:03.780130
EXP1,ER_n10_p0.7_seed1,ER,10,29,0.644444,KBST,1,10,,,,0.000359,0.000217,0.000,True,,2026-03-24T12:40:03.780937
EXP1,ER_n10_p0.7_seed1,ER,10,29,0.644444,MEMETIC,1,10,,,,3.857227,3.849307,0.000,True,,2026-03-24T12:40:07.638827
EXP2,ER_n10_p0.7_seed1,ER,10,29,0.644444,IC,1,10,,,,0.000787,0.000363,0.000,True,,2026-03-24T12:40:07.640812
EXP2,ER_n10_p0.7_seed1,ER,10,29,0.644444,KBST,1,10,,,,0.000453,0.000259,0.000,True,,2026-03-24T12:40:07.641844
EXP2,ER_n10_p0.7_seed1,ER,10,29,0.644444,MEMETIC,1,10,,,,9.617655,9.602714,0.000,True,,2026-03-24T12:40:17.260241
EXP3,ER_n10_p0.7_seed1,ER,10,29,0.644444,IC,1,10,,,,0.000669,0.000328,0.000,True,,2026-03-24T12:40:17.270405
EXP3,ER_n10_p0.7_seed1,ER,10,29,0.644444,KBST,1,10,,,,0.000417,0.000339,0.000,True,,2026-03-24T12:40:17.271365
EXP3,ER_n10_p0.7_seed1,ER,10,29,0.644444,MEMETIC,1,10,,,,9.572199,9.558404,0.000,True,,2026-03-24T12:40:26.844227
EXP8,ER_n10_p0.7_seed1,ER,10,29,0.644444,BRUTE_FORCE,1,5,5,1.0,0.0,0.013518,0.013532,0.000,True,Ground truth,2026-03-24T12:40:26.865430
EXP8,ER_n10_p0.7_seed1,ER,10,29,0.644444,IC,1,10,5,2.0,100.0,0.000702,0.000394,0.000,True,,2026-03-24T12:40:26.866659
EXP8,ER_n10_p0.7_seed1,ER,10,29,0.644444,KBST,1,10,5,2.0,100.0,0.000457,0.000278,0.000,True,,2026-03-24T12:40:26.867621
EXP8,ER_n10_p0.7_seed1,ER,10,29,0.644444,MEMETIC,1,10,5,2.0,100.0,3.843078,3.838645,0.000,True,,2026-03-24T12:40:30.711393
EXP1,ER_n10_p0.9_seed1,ER,10,42,0.933333,IC,1,10,,,,0.000704,0.000648,0.000,True,,2026-03-24T12:40:30.713531
EXP1,ER_n10_p0.9_seed1,ER,10,42,0.933333,KBST,1,10,,,,0.000424,0.000267,0.000,True,,2026-03-24T12:40:30.714438
EXP1,ER_n10_p0.9_seed1,ER,10,42,0.933333,MEMETIC,1,10,,,,4.776252,4.771993,0.000,True,,2026-03-24T12:40:35.491530
EXP2,ER_n10_p0.9_seed1,ER,10,42,0.933333,IC,1,10,,,,0.000569,0.000272,0.000,True,,2026-03-24T12:40:35.493037
EXP2,ER_n10_p0.9_seed1,ER,10,42,0.933333,KBST,1,10,,,,0.000388,0.000206,0.000,True,,2026-03-24T12:40:35.493853
EXP2,ER_n10_p0.9_seed1,ER,10,42,0.933333,MEMETIC,1,10,,,,11.860730,11.851853,0.000,True,,2026-03-24T12:40:47.355253
EXP3,ER_n10_p0.9_seed1,ER,10,42,0.933333,IC,1,10,,,,0.000760,0.000372,0.000,True,,2026-03-24T12:40:47.365445
EXP3,ER_n10_p0.9_seed1,ER,10,42,0.933333,KBST,1,10,,,,0.000439,0.000349,0.000,True,,2026-03-24T12:40:47.366620
EXP3,ER_n10_p0.9_seed1,ER,10,42,0.933333,MEMETIC,1,10,,,,11.777443,11.771171,0.000,True,,2026-03-24T12:40:59.144646
EXP8,ER_n10_p0.9_seed1,ER,10,42,0.933333,BRUTE_FORCE,1,7,7,1.0,0.0,0.025390,0.024762,0.000,True,Ground truth,2026-03-24T12:40:59.178049
EXP8,ER_n10_p0.9_seed1,ER,10,42,0.933333,IC,1,10,7,1.4285714285714286,42.857142857142854,0.000658,0.000606,0.000,True,,2026-03-24T12:40:59.179348
EXP8,ER_n10_p0.9_seed1,ER,10,42,0.933333,KBST,1,10,7,1.4285714285714286,42.857142857142854,0.000446,0.000441,0.000,True,,2026-03-24T12:40:59.180323
EXP8,ER_n10_p0.9_seed1,ER,10,42,0.933333,MEMETIC,1,10,7,1.4285714285714286,42.857142857142854,4.778017,4.772897,0.000,True,,2026-03-24T12:41:03.959065
EXP1,Tree_binary_n10,Tree,15,14,0.133333,IC,1,1,,,,0.003103,0.002694,0.000,True,,2026-03-24T12:41:03.963935
EXP1,Tree_binary_n10,Tree,15,14,0.133333,KBST,1,0,,,,0.000872,0.000801,0.000,True,,2026-03-24T12:41:03.965534
EXP1,Tree_binary_n10,Tree,15,14,0.133333,MEMETIC,1,0,,,,0.308155,0.307163,0.016,True,,2026-03-24T12:41:04.274482
EXP2,Tree_binary_n10,Tree,15,14,0.133333,IC,1,1,,,,0.003518,0.003412,0.000,True,,2026-03-24T12:41:04.279180
EXP2,Tree_binary_n10,Tree,15,14,0.133333,KBST,1,0,,,,0.000980,0.000600,0.000,True,,2026-03-24T12:41:04.280804
EXP2,Tree_binary_n10,Tree,15,14,0.133333,MEMETIC,1,0,,,,0.842616,0.841332,0.053,True,,2026-03-24T12:41:05.124503
EXP3,Tree_binary_n10,Tree,15,14,0.133333,IC,1,1,,,,0.003028,0.002298,0.000,True,,2026-03-24T12:41:05.137123
EXP3,Tree_binary_n10,Tree,15,14,0.133333,KBST,1,0,,,,0.000849,0.000647,0.000,True,,2026-03-24T12:41:05.138647
EXP3,Tree_binary_n10,Tree,15,14,0.133333,MEMETIC,1,0,,,,0.778174,0.777958,0.008,True,,2026-03-24T12:41:05.917713
EXP8,Tree_binary_n10,Tree,15,14,0.133333,BRUTE_FORCE,1,0,0,1.0,0.0,0.000809,0.000356,0.000,True,Ground truth,2026-03-24T12:41:05.926889
EXP8,Tree_binary_n10,Tree,15,14,0.133333,IC,1,1,0,,,0.002837,0.001898,0.000,True,,2026-03-24T12:41:05.930452
EXP8,Tree_binary_n10,Tree,15,14,0.133333,KBST,1,0,0,1.0,0.0,0.000792,0.000331,0.000,True,,2026-03-24T12:41:05.932055
EXP8,Tree_binary_n10,Tree,15,14,0.133333,MEMETIC,1,0,0,1.0,0.0,0.310442,0.309418,0.020,True,,2026-03-24T12:41:06.243327
EXP1,Tree_random_n20,Tree,20,19,0.100000,IC,1,0,,,,0.004637,0.003905,0.000,True,,2026-03-24T12:41:06.249294
EXP1,Tree_random_n20,Tree,20,19,0.100000,KBST,1,0,,,,0.001276,0.000513,0.004,True,,2026-03-24T12:41:06.251346
EXP1,Tree_random_n20,Tree,20,19,0.100000,MEMETIC,1,0,,,,0.403851,0.403095,0.016,True,,2026-03-24T12:41:06.656097
EXP2,Tree_random_n20,Tree,20,19,0.100000,IC,1,0,,,,0.004550,0.004137,0.000,True,,2026-03-24T12:41:06.662027
EXP2,Tree_random_n20,Tree,20,19,0.100000,KBST,1,0,,,,0.001289,0.000598,0.000,True,,2026-03-24T12:41:06.664283
EXP2,Tree_random_n20,Tree,20,19,0.100000,MEMETIC,1,0,,,,1.013543,1.011954,0.045,True,,2026-03-24T12:41:07.678822
EXP3,Tree_random_n20,Tree,20,19,0.100000,IC,1,0,,,,0.004580,0.003722,0.000,True,,2026-03-24T12:41:07.693515
EXP3,Tree_random_n20,Tree,20,19,0.100000,KBST,1,0,,,,0.001078,0.000333,0.000,True,,2026-03-24T12:41:07.695377
EXP3,Tree_random_n20,Tree,20,19,0.100000,MEMETIC,1,0,,,,1.006368,1.005748,0.045,True,,2026-03-24T12:41:08.702627
EXP8,Tree_random_n20,Tree,20,19,0.100000,BRUTE_FORCE,1,0,0,1.0,0.0,0.000784,0.000403,0.000,True,Ground truth,2026-03-24T12:41:08.711795
EXP8,Tree_random_n20,Tree,20,19,0.100000,IC,1,0,0,1.0,0.0,0.004307,0.003910,0.000,True,,2026-03-24T12:41:08.716997
EXP8,Tree_random_n20,Tree,20,19,0.100000,KBST,1,0,0,1.0,0.0,0.001065,0.000702,0.000,True,,2026-03-24T12:41:08.718804
EXP8,Tree_random_n20,Tree,20,19,0.100000,MEMETIC,1,0,0,1.0,0.0,0.400538,0.399837,0.025,True,,2026-03-24T12:41:09.120295
EXP1,Tree_star_n20,Tree,20,19,0.100000,IC,1,0,,,,0.004552,0.003752,0.000,True,,2026-03-24T12:41:09.126484
EXP1,Tree_star_n20,Tree,20,19,0.100000,KBST,1,0,,,,0.000840,0.000341,0.000,True,,2026-03-24T12:41:09.128085
EXP1,Tree_star_n20,Tree,20,19,0.100000,MEMETIC,1,0,,,,0.393611,0.392522,0.008,True,,2026-03-24T12:41:09.522740
EXP2,Tree_star_n20,Tree,20,19,0.100000,IC,1,0,,,,0.004725,0.004365,0.000,True,,2026-03-24T12:41:09.528941
EXP2,Tree_star_n20,Tree,20,19,0.100000,KBST,1,0,,,,0.000816,0.000719,0.000,True,,2026-03-24T12:41:09.530512
EXP2,Tree_star_n20,Tree,20,19,0.100000,MEMETIC,1,0,,,,1.050415,1.049945,0.000,True,,2026-03-24T12:41:10.581724
EXP3,Tree_star_n20,Tree,20,19,0.100000,IC,1,0,,,,0.004647,0.004207,0.000,True,,2026-03-24T12:41:10.597049
EXP3,Tree_star_n20,Tree,20,19,0.100000,KBST,1,0,,,,0.000921,0.000708,0.000,True,,2026-03-24T12:41:10.598721
EXP3,Tree_star_n20,Tree,20,19,0.100000,MEMETIC,1,0,,,,0.971800,0.970059,0.000,True,,2026-03-24T12:41:11.571454
EXP8,Tree_star_n20,Tree,20,19,0.100000,BRUTE_FORCE,1,0,0,1.0,0.0,0.000834,0.000504,0.000,True,Ground truth,2026-03-24T12:41:11.582721
EXP8,Tree_star_n20,Tree,20,19,0.100000,IC,1,0,0,1.0,0.0,0.004374,0.004038,0.000,True,,2026-03-24T12:41:11.587815
EXP8,Tree_star_n20,Tree,20,19,0.100000,KBST,1,0,0,1.0,0.0,0.001030,0.000944,0.000,True,,2026-03-24T12:41:11.589679
EXP8,Tree_star_n20,Tree,20,19,0.100000,MEMETIC,1,0,0,1.0,0.0,0.386065,0.384882,0.000,True,,2026-03-24T12:41:11.976524
EXP1,ER_n20_p0.1_seed1,ER,20,21,0.110526,IC,1,5,,,,0.006936,0.006414,0.000,True,,2026-03-24T12:41:11.985071
EXP1,ER_n20_p0.1_seed1,ER,20,21,0.110526,KBST,1,3,,,,0.001664,0.000697,0.000,True,,2026-03-24T12:41:11.987445
EXP1,ER_n20_p0.1_seed1,ER,20,21,0.110526,MEMETIC,1,20,,,,8.217573,8.208076,0.475,True,,2026-03-24T12:41:20.205718
EXP2,ER_n20_p0.1_seed1,ER,20,21,0.110526,IC,1,5,,,,0.007167,0.006282,0.033,True,,2026-03-24T12:41:20.214401
EXP2,ER_n20_p0.1_seed1,ER,20,21,0.110526,KBST,1,3,,,,0.001755,0.001419,0.000,True,,2026-03-24T12:41:20.216864
EXP2,ER_n20_p0.1_seed1,ER,20,21,0.110526,MEMETIC,1,20,,,,20.467165,20.449446,0.045,True,,2026-03-24T12:41:40.684716
EXP3,ER_n20_p0.1_seed1,ER,20,21,0.110526,IC,1,5,,,,0.007051,0.006449,0.000,True,,2026-03-24T12:41:40.702252
EXP3,ER_n20_p0.1_seed1,ER,20,21,0.110526,KBST,1,3,,,,0.001564,0.001483,0.000,True,,2026-03-24T12:41:40.704518
EXP3,ER_n20_p0.1_seed1,ER,20,21,0.110526,MEMETIC,1,20,,,,20.222493,20.209116,0.000,True,,2026-03-24T12:42:00.927647
EXP8,ER_n20_p0.1_seed1,ER,20,21,0.110526,BRUTE_FORCE,1,2,2,1.0,0.0,0.006793,0.006733,0.000,True,Ground truth,2026-03-24T12:42:00.943519
EXP8,ER_n20_p0.1_seed1,ER,20,21,0.110526,IC,1,5,2,2.5,150.0,0.007376,0.007267,0.000,True,,2026-03-24T12:42:00.951701
EXP8,ER_n20_p0.1_seed1,ER,20,21,0.110526,KBST,1,3,2,1.5,50.0,0.001761,0.001118,0.000,True,,2026-03-24T12:42:00.954227
EXP8,ER_n20_p0.1_seed1,ER,20,21,0.110526,MEMETIC,1,20,2,10.0,900.0,8.202633,8.198904,0.012,True,,2026-03-24T12:42:09.157614
EXP1,BA_n20_m2_seed1,BA,20,36,0.189474,IC,1,5,,,,0.002732,0.001883,0.000,True,,2026-03-24T12:42:09.162385
EXP1,BA_n20_m2_seed1,BA,20,36,0.189474,KBST,1,3,,,,0.002489,0.002368,0.000,True,,2026-03-24T12:42:09.165628
EXP1,BA_n20_m2_seed1,BA,20,36,0.189474,MEMETIC,1,20,,,,9.790408,9.780413,0.000,True,,2026-03-24T12:42:18.956738
EXP2,BA_n20_m2_seed1,BA,20,36,0.189474,IC,1,5,,,,0.002664,0.002487,0.000,True,,2026-03-24T12:42:18.960739
EXP2,BA_n20_m2_seed1,BA,20,36,0.189474,KBST,1,3,,,,0.002664,0.001983,0.000,True,,2026-03-24T12:42:18.964373
EXP2,BA_n20_m2_seed1,BA,20,36,0.189474,MEMETIC,1,20,,,,24.370246,24.354709,0.000,True,,2026-03-24T12:42:43.335408
EXP3,BA_n20_m2_seed1,BA,20,36,0.189474,IC,1,5,,,,0.002780,0.002528,0.000,True,,2026-03-24T12:42:43.348731
EXP3,BA_n20_m2_seed1,BA,20,36,0.189474,KBST,1,3,,,,0.002298,0.002092,0.000,True,,2026-03-24T12:42:43.351644
EXP3,BA_n20_m2_seed1,BA,20,36,0.189474,MEMETIC,1,20,,,,24.256752,24.241998,0.000,True,,2026-03-24T12:43:07.609019
EXP8,BA_n20_m2_seed1,BA,20,36,0.189474,BRUTE_FORCE,1,3,3,1.0,0.0,0.016340,0.015822,0.000,True,Ground truth,2026-03-24T12:43:07.636023
EXP8,BA_n20_m2_seed1,BA,20,36,0.189474,IC,1,5,3,1.6666666666666667,66.66666666666666,0.002611,0.002616,0.000,True,,2026-03-24T12:43:07.639562
EXP8,BA_n20_m2_seed1,BA,20,36,0.189474,KBST,1,3,3,1.0,0.0,0.002459,0.002223,0.000,True,,2026-03-24T12:43:07.642742
EXP8,BA_n20_m2_seed1,BA,20,36,0.189474,MEMETIC,1,20,3,6.666666666666667,566.6666666666667,9.851984,9.845607,0.000,True,,2026-03-24T12:43:17.495486
EXP1,WS_n20_k4_b01_seed1,WS,20,40,0.210526,IC,1,20,,,,0.000749,0.000528,0.000,True,,2026-03-24T12:43:17.497530
EXP1,WS_n20_k4_b01_seed1,WS,20,40,0.210526,KBST,1,20,,,,0.000401,0.000290,0.000,True,,2026-03-24T12:43:17.498389
EXP1,WS_n20_k4_b01_seed1,WS,20,40,0.210526,MEMETIC,1,20,,,,10.245616,10.239978,0.000,True,,2026-03-24T12:43:27.744549
EXP2,WS_n20_k4_b01_seed1,WS,20,40,0.210526,IC,1,20,,,,0.000680,0.000260,0.000,True,,2026-03-24T12:43:27.746358
EXP2,WS_n20_k4_b01_seed1,WS,20,40,0.210526,KBST,1,20,,,,0.000499,0.000443,0.000,True,,2026-03-24T12:43:27.747340
EXP2,WS_n20_k4_b01_seed1,WS,20,40,0.210526,MEMETIC,1,20,,,,25.346714,25.333788,0.000,True,,2026-03-24T12:43:53.094667
EXP3,WS_n20_k4_b01_seed1,WS,20,40,0.210526,IC,1,20,,,,0.000731,0.000388,0.000,True,,2026-03-24T12:43:53.106181
EXP3,WS_n20_k4_b01_seed1,WS,20,40,0.210526,KBST,1,20,,,,0.000391,0.000231,0.000,True,,2026-03-24T12:43:53.107172
EXP3,WS_n20_k4_b01_seed1,WS,20,40,0.210526,MEMETIC,1,20,,,,25.353650,25.339896,0.000,True,,2026-03-24T12:44:18.461471
EXP8,WS_n20_k4_b01_seed1,WS,20,40,0.210526,BRUTE_FORCE,1,7,7,1.0,0.0,2.733191,2.731550,0.000,True,Ground truth,2026-03-24T12:44:21.204634
EXP8,WS_n20_k4_b01_seed1,WS,20,40,0.210526,IC,1,20,7,2.857142857142857,185.71428571428572,0.000694,0.000277,0.000,True,,2026-03-24T12:44:21.205895
EXP8,WS_n20_k4_b01_seed1,WS,20,40,0.210526,KBST,1,20,7,2.857142857142857,185.71428571428572,0.000444,0.000235,0.000,True,,2026-03-24T12:44:21.206877
EXP8,WS_n20_k4_b01_seed1,WS,20,40,0.210526,MEMETIC,1,20,7,2.857142857142857,185.71428571428572,10.233155,10.227834,0.000,True,,2026-03-24T12:44:31.440669
EXP1,WS_n20_k4_b03_seed1,WS,20,40,0.210526,IC,1,20,,,,0.000633,0.000494,0.000,True,,2026-03-24T12:44:31.442450
EXP1,WS_n20_k4_b03_seed1,WS,20,40,0.210526,KBST,1,20,,,,0.000495,0.000364,0.000,True,,2026-03-24T12:44:31.443418
EXP1,WS_n20_k4_b03_seed1,WS,20,40,0.210526,MEMETIC,1,20,,,,10.459813,10.454826,0.000,True,,2026-03-24T12:44:41.903938
EXP2,WS_n20_k4_b03_seed1,WS,20,40,0.210526,IC,1,20,,,,0.000835,0.000364,0.000,True,,2026-03-24T12:44:41.905946
EXP2,WS_n20_k4_b03_seed1,WS,20,40,0.210526,KBST,1,20,,,,0.000552,0.000341,0.000,True,,2026-03-24T12:44:41.907173
EXP2,WS_n20_k4_b03_seed1,WS,20,40,0.210526,MEMETIC,1,20,,,,26.437346,26.405541,0.000,True,,2026-03-24T12:45:08.345303
EXP3,WS_n20_k4_b03_seed1,WS,20,40,0.210526,IC,1,20,,,,0.000766,0.000636,0.000,True,,2026-03-24T12:45:08.357089
EXP3,WS_n20_k4_b03_seed1,WS,20,40,0.210526,KBST,1,20,,,,0.000381,0.000217,0.000,True,,2026-03-24T12:45:08.357923
EXP3,WS_n20_k4_b03_seed1,WS,20,40,0.210526,MEMETIC,1,20,,,,26.416256,26.382674,0.000,True,,2026-03-24T12:45:34.774873
EXP8,WS_n20_k4_b03_seed1,WS,20,40,0.210526,BRUTE_FORCE,1,6,6,1.0,0.0,1.097054,1.096200,0.000,True,Ground truth,2026-03-24T12:45:35.882477
EXP8,WS_n20_k4_b03_seed1,WS,20,40,0.210526,IC,1,20,6,3.3333333333333335,233.33333333333334,0.000718,0.000269,0.000,True,,2026-03-24T12:45:35.883812
EXP8,WS_n20_k4_b03_seed1,WS,20,40,0.210526,KBST,1,20,6,3.3333333333333335,233.33333333333334,0.000565,0.000350,0.000,True,,2026-03-24T12:45:35.884994
EXP8,WS_n20_k4_b03_seed1,WS,20,40,0.210526,MEMETIC,1,20,6,3.3333333333333335,233.33333333333334,10.506160,10.498208,0.000,True,,2026-03-24T12:45:46.391784
EXP1,WS_n20_k4_b05_seed1,WS,20,40,0.210526,IC,1,20,,,,0.000702,0.000424,0.000,True,,2026-03-24T12:45:46.393689
EXP1,WS_n20_k4_b05_seed1,WS,20,40,0.210526,KBST,1,20,,,,0.000508,0.000316,0.000,True,,2026-03-24T12:45:46.394784
EXP1,WS_n20_k4_b05_seed1,WS,20,40,0.210526,MEMETIC,1,20,,,,10.647078,10.636580,0.000,True,,2026-03-24T12:45:57.042489
EXP2,WS_n20_k4_b05_seed1,WS,20,40,0.210526,IC,1,20,,,,0.000700,0.000275,0.000,True,,2026-03-24T12:45:57.044221
EXP2,WS_n20_k4_b05_seed1,WS,20,40,0.210526,KBST,1,20,,,,0.000456,0.000245,0.000,True,,2026-03-24T12:45:57.045294
EXP2,WS_n20_k4_b05_seed1,WS,20,40,0.210526,MEMETIC,1,20,,,,26.797564,26.762039,0.000,True,,2026-03-24T12:46:23.843532
EXP3,WS_n20_k4_b05_seed1,WS,20,40,0.210526,IC,1,20,,,,0.000719,0.000299,0.000,True,,2026-03-24T12:46:23.855451
EXP3,WS_n20_k4_b05_seed1,WS,20,40,0.210526,KBST,1,20,,,,0.000512,0.000350,0.000,True,,2026-03-24T12:46:23.856583
EXP3,WS_n20_k4_b05_seed1,WS,20,40,0.210526,MEMETIC,1,20,,,,26.531187,26.499890,0.000,True,,2026-03-24T12:46:50.388490
EXP8,WS_n20_k4_b05_seed1,WS,20,40,0.210526,BRUTE_FORCE,1,6,6,1.0,0.0,1.124105,1.122689,0.000,True,Ground truth,2026-03-24T12:46:51.523158
EXP8,WS_n20_k4_b05_seed1,WS,20,40,0.210526,IC,1,20,6,3.3333333333333335,233.33333333333334,0.000746,0.000625,0.000,True,,2026-03-24T12:46:51.524551
EXP8,WS_n20_k4_b05_seed1,WS,20,40,0.210526,KBST,1,20,6,3.3333333333333335,233.33333333333334,0.000646,0.000294,0.000,True,,2026-03-24T12:46:51.525761
EXP8,WS_n20_k4_b05_seed1,WS,20,40,0.210526,MEMETIC,1,20,6,3.3333333333333335,233.33333333333334,10.635004,10.624510,0.000,True,,2026-03-24T12:47:02.161507
EXP1,BA_n20_m3_seed1,BA,20,51,0.268421,IC,1,20,,,,0.000819,0.000507,0.000,True,,2026-03-24T12:47:02.163717
EXP1,BA_n20_m3_seed1,BA,20,51,0.268421,KBST,1,20,,,,0.000420,0.000274,0.000,True,,2026-03-24T12:47:02.164687
EXP1,BA_n20_m3_seed1,BA,20,51,0.268421,MEMETIC,1,20,,,,12.071327,12.056958,0.000,True,,2026-03-24T12:47:14.236568
EXP2,BA_n20_m3_seed1,BA,20,51,0.268421,IC,1,20,,,,0.000698,0.000309,0.000,True,,2026-03-24T12:47:14.238390
EXP2,BA_n20_m3_seed1,BA,20,51,0.268421,KBST,1,20,,,,0.000458,0.000378,0.000,True,,2026-03-24T12:47:14.239401
EXP2,BA_n20_m3_seed1,BA,20,51,0.268421,MEMETIC,1,20,,,,30.052831,30.032429,0.000,True,,2026-03-24T12:47:44.292790
EXP3,BA_n20_m3_seed1,BA,20,51,0.268421,IC,1,20,,,,0.000670,0.000277,0.000,True,,2026-03-24T12:47:44.304089
EXP3,BA_n20_m3_seed1,BA,20,51,0.268421,KBST,1,20,,,,0.000396,0.000259,0.000,True,,2026-03-24T12:47:44.305002
EXP3,BA_n20_m3_seed1,BA,20,51,0.268421,MEMETIC,1,20,,,,29.970005,29.948515,0.000,True,,2026-03-24T12:48:14.275607
EXP8,BA_n20_m3_seed1,BA,20,51,0.268421,BRUTE_FORCE,1,6,6,1.0,0.0,0.681854,0.681499,0.000,True,Ground truth,2026-03-24T12:48:14.968607
EXP8,BA_n20_m3_seed1,BA,20,51,0.268421,IC,1,20,6,3.3333333333333335,233.33333333333334,0.000780,0.000318,0.000,True,,2026-03-24T12:48:14.970022
EXP8,BA_n20_m3_seed1,BA,20,51,0.268421,KBST,1,20,6,3.3333333333333335,233.33333333333334,0.000440,0.000258,0.000,True,,2026-03-24T12:48:14.971113
EXP8,BA_n20_m3_seed1,BA,20,51,0.268421,MEMETIC,1,20,6,3.3333333333333335,233.33333333333334,12.236295,12.224328,0.000,True,,2026-03-24T12:48:27.208244
EXP1,ER_n20_p0.3_seed1,ER,20,56,0.294737,IC,1,20,,,,0.000886,0.000735,0.000,True,,2026-03-24T12:48:27.210588
EXP1,ER_n20_p0.3_seed1,ER,20,56,0.294737,KBST,1,20,,,,0.000559,0.000366,0.000,True,,2026-03-24T12:48:27.211740
EXP1,ER_n20_p0.3_seed1,ER,20,56,0.294737,MEMETIC,1,20,,,,13.201148,13.184443,0.000,True,,2026-03-24T12:48:40.413601
EXP2,ER_n20_p0.3_seed1,ER,20,56,0.294737,IC,1,20,,,,0.000639,0.000263,0.000,True,,2026-03-24T12:48:40.415310
EXP2,ER_n20_p0.3_seed1,ER,20,56,0.294737,KBST,1,20,,,,0.000531,0.000474,0.000,True,,2026-03-24T12:48:40.416442
EXP2,ER_n20_p0.3_seed1,ER,20,56,0.294737,MEMETIC,1,20,,,,32.369970,32.344951,0.000,True,,2026-03-24T12:49:12.787167
EXP3,ER_n20_p0.3_seed1,ER,20,56,0.294737,IC,1,20,,,,0.000688,0.000430,0.000,True,,2026-03-24T12:49:12.798575
EXP3,ER_n20_p0.3_seed1,ER,20,56,0.294737,KBST,1,20,,,,0.000450,0.000244,0.000,True,,2026-03-24T12:49:12.799508
EXP3,ER_n20_p0.3_seed1,ER,20,56,0.294737,MEMETIC,1,20,,,,32.292683,32.275300,0.000,True,,2026-03-24T12:49:45.092748
EXP8,ER_n20_p0.3_seed1,ER,20,56,0.294737,BRUTE_FORCE,1,7,7,1.0,0.0,3.337610,3.336174,0.000,True,Ground truth,2026-03-24T12:49:48.440625
EXP8,ER_n20_p0.3_seed1,ER,20,56,0.294737,IC,1,20,7,2.857142857142857,185.71428571428572,0.000844,0.000284,0.000,True,,2026-03-24T12:49:48.442031
EXP8,ER_n20_p0.3_seed1,ER,20,56,0.294737,KBST,1,20,7,2.857142857142857,185.71428571428572,0.000386,0.000201,0.000,True,,2026-03-24T12:49:48.442827
EXP8,ER_n20_p0.3_seed1,ER,20,56,0.294737,MEMETIC,1,20,7,2.857142857142857,185.71428571428572,13.115874,13.104971,0.000,True,,2026-03-24T12:50:01.559281
EXP1,WS_n20_k6_b01_seed1,WS,20,60,0.315789,IC,1,20,,,,0.000677,0.000273,0.000,True,,2026-03-24T12:50:01.561150
EXP1,WS_n20_k6_b01_seed1,WS,20,60,0.315789,KBST,1,20,,,,0.000584,0.000586,0.000,True,,2026-03-24T12:50:01.562443
EXP1,WS_n20_k6_b01_seed1,WS,20,60,0.315789,MEMETIC,1,20,,,,13.410310,13.398894,0.000,True,,2026-03-24T12:50:14.973509
EXP2,WS_n20_k6_b01_seed1,WS,20,60,0.315789,IC,1,20,,,,0.000707,0.000717,0.000,True,,2026-03-24T12:50:14.975416
EXP2,WS_n20_k6_b01_seed1,WS,20,60,0.315789,KBST,1,20,,,,0.000602,0.000346,0.000,True,,2026-03-24T12:50:14.976518
EXP2,WS_n20_k6_b01_seed1,WS,20,60,0.315789,MEMETIC,1,20,,,,33.070086,33.048650,0.000,True,,2026-03-24T12:50:48.047200
EXP3,WS_n20_k6_b01_seed1,WS,20,60,0.315789,IC,1,20,,,,0.000971,0.000361,0.000,True,,2026-03-24T12:50:48.060131
EXP3,WS_n20_k6_b01_seed1,WS,20,60,0.315789,KBST,1,20,,,,0.000420,0.000261,0.000,True,,2026-03-24T12:50:48.061205
EXP3,WS_n20_k6_b01_seed1,WS,20,60,0.315789,MEMETIC,1,20,,,,33.241551,33.214683,0.000,True,,2026-03-24T12:51:21.303337
EXP8,WS_n20_k6_b01_seed1,WS,20,60,0.315789,BRUTE_FORCE,1,10,10,1.0,0.0,17.552481,17.533234,0.262,True,Ground truth,2026-03-24T12:51:38.867005
EXP8,WS_n20_k6_b01_seed1,WS,20,60,0.315789,IC,1,20,10,2.0,100.0,0.000754,0.000749,0.000,True,,2026-03-24T12:51:38.868420
EXP8,WS_n20_k6_b01_seed1,WS,20,60,0.315789,KBST,1,20,10,2.0,100.0,0.000389,0.000354,0.000,True,,2026-03-24T12:51:38.869317
EXP8,WS_n20_k6_b01_seed1,WS,20,60,0.315789,MEMETIC,1,20,10,2.0,100.0,13.600418,13.579829,0.004,True,,2026-03-24T12:51:52.470341
EXP1,WS_n20_k6_b03_seed1,WS,20,60,0.315789,IC,1,20,,,,0.000693,0.000346,0.000,True,,2026-03-24T12:51:52.472434
EXP1,WS_n20_k6_b03_seed1,WS,20,60,0.315789,KBST,1,20,,,,0.000484,0.000380,0.000,True,,2026-03-24T12:51:52.473495
EXP1,WS_n20_k6_b03_seed1,WS,20,60,0.315789,MEMETIC,1,20,,,,13.666359,13.647992,0.000,True,,2026-03-24T12:52:06.140520
EXP2,WS_n20_k6_b03_seed1,WS,20,60,0.315789,IC,1,20,,,,0.000625,0.000273,0.000,True,,2026-03-24T12:52:06.142194
EXP2,WS_n20_k6_b03_seed1,WS,20,60,0.315789,KBST,1,20,,,,0.000405,0.000225,0.000,True,,2026-03-24T12:52:06.143160
EXP2,WS_n20_k6_b03_seed1,WS,20,60,0.315789,MEMETIC,1,20,,,,33.802200,33.766503,0.000,True,,2026-03-24T12:52:39.946068
EXP3,WS_n20_k6_b03_seed1,WS,20,60,0.315789,IC,1,20,,,,0.000776,0.000549,0.000,True,,2026-03-24T12:52:39.958704
EXP3,WS_n20_k6_b03_seed1,WS,20,60,0.315789,KBST,1,20,,,,0.000467,0.000310,0.000,True,,2026-03-24T12:52:39.959737
EXP3,WS_n20_k6_b03_seed1,WS,20,60,0.315789,MEMETIC,1,20,,,,33.578815,33.554457,0.000,True,,2026-03-24T12:53:13.539267
EXP8,WS_n20_k6_b03_seed1,WS,20,60,0.315789,BRUTE_FORCE,1,9,9,1.0,0.0,10.798258,10.786206,0.000,True,Ground truth,2026-03-24T12:53:24.348917
EXP8,WS_n20_k6_b03_seed1,WS,20,60,0.315789,IC,1,20,9,2.2222222222222223,122.22222222222223,0.000750,0.000740,0.000,True,,2026-03-24T12:53:24.350487
EXP8,WS_n20_k6_b03_seed1,WS,20,60,0.315789,KBST,1,20,9,2.2222222222222223,122.22222222222223,0.000585,0.000246,0.000,True,,2026-03-24T12:53:24.351721
EXP8,WS_n20_k6_b03_seed1,WS,20,60,0.315789,MEMETIC,1,20,9,2.2222222222222223,122.22222222222223,13.676583,13.657341,0.000,True,,2026-03-24T12:53:38.028993
EXP1,WS_n20_k6_b05_seed1,WS,20,60,0.315789,IC,1,20,,,,0.000641,0.000279,0.000,True,,2026-03-24T12:53:38.030933
EXP1,WS_n20_k6_b05_seed1,WS,20,60,0.315789,KBST,1,20,,,,0.000417,0.000212,0.000,True,,2026-03-24T12:53:38.031821
EXP1,WS_n20_k6_b05_seed1,WS,20,60,0.315789,MEMETIC,1,20,,,,13.755732,13.735745,0.000,True,,2026-03-24T12:53:51.788185
EXP2,WS_n20_k6_b05_seed1,WS,20,60,0.315789,IC,1,20,,,,0.000682,0.000287,0.000,True,,2026-03-24T12:53:51.789796
EXP2,WS_n20_k6_b05_seed1,WS,20,60,0.315789,KBST,1,20,,,,0.000533,0.000330,0.000,True,,2026-03-24T12:53:51.791032
EXP2,WS_n20_k6_b05_seed1,WS,20,60,0.315789,MEMETIC,1,20,,,,33.697016,33.668014,0.000,True,,2026-03-24T12:54:25.488676
EXP3,WS_n20_k6_b05_seed1,WS,20,60,0.315789,IC,1,20,,,,0.000790,0.000360,0.000,True,,2026-03-24T12:54:25.500836
EXP3,WS_n20_k6_b05_seed1,WS,20,60,0.315789,KBST,1,20,,,,0.000454,0.000239,0.000,True,,2026-03-24T12:54:25.501859
EXP3,WS_n20_k6_b05_seed1,WS,20,60,0.315789,MEMETIC,1,20,,,,33.735825,33.712811,0.000,True,,2026-03-24T12:54:59.238295
EXP8,WS_n20_k6_b05_seed1,WS,20,60,0.315789,BRUTE_FORCE,1,9,9,1.0,0.0,10.066008,10.058213,0.012,True,Ground truth,2026-03-24T12:55:09.316448
EXP8,WS_n20_k6_b05_seed1,WS,20,60,0.315789,IC,1,20,9,2.2222222222222223,122.22222222222223,0.000845,0.000361,0.000,True,,2026-03-24T12:55:09.317949
EXP8,WS_n20_k6_b05_seed1,WS,20,60,0.315789,KBST,1,20,9,2.2222222222222223,122.22222222222223,0.000538,0.000310,0.000,True,,2026-03-24T12:55:09.319282
EXP8,WS_n20_k6_b05_seed1,WS,20,60,0.315789,MEMETIC,1,20,9,2.2222222222222223,122.22222222222223,13.590644,13.581072,0.012,True,,2026-03-24T12:55:22.910528
EXP1,BA_n20_m5_seed1,BA,20,75,0.394737,IC,1,20,,,,0.000712,0.000691,0.000,True,,2026-03-24T12:55:22.912338
EXP1,BA_n20_m5_seed1,BA,20,75,0.394737,KBST,1,20,,,,0.000485,0.000405,0.000,True,,2026-03-24T12:55:22.913321
EXP1,BA_n20_m5_seed1,BA,20,75,0.394737,MEMETIC,1,20,,,,15.766963,15.753120,0.000,True,,2026-03-24T12:55:38.680825
EXP2,BA_n20_m5_seed1,BA,20,75,0.394737,IC,1,20,,,,0.000689,0.000522,0.000,True,,2026-03-24T12:55:38.682409
EXP2,BA_n20_m5_seed1,BA,20,75,0.394737,KBST,1,20,,,,0.000333,0.000197,0.000,True,,2026-03-24T12:55:38.683165
EXP2,BA_n20_m5_seed1,BA,20,75,0.394737,MEMETIC,1,20,,,,39.161516,39.131130,0.000,True,,2026-03-24T12:56:17.845327
EXP3,BA_n20_m5_seed1,BA,20,75,0.394737,IC,1,20,,,,0.000751,0.000298,0.000,True,,2026-03-24T12:56:17.858315
EXP3,BA_n20_m5_seed1,BA,20,75,0.394737,KBST,1,20,,,,0.000464,0.000493,0.000,True,,2026-03-24T12:56:17.859493
EXP3,BA_n20_m5_seed1,BA,20,75,0.394737,MEMETIC,1,20,,,,39.429834,39.399205,0.000,True,,2026-03-24T12:56:57.289930
EXP8,BA_n20_m5_seed1,BA,20,75,0.394737,BRUTE_FORCE,1,9,9,1.0,0.0,8.811589,8.804693,0.008,True,Ground truth,2026-03-24T12:57:06.115350
EXP8,BA_n20_m5_seed1,BA,20,75,0.394737,IC,1,20,9,2.2222222222222223,122.22222222222223,0.000762,0.000378,0.000,True,,2026-03-24T12:57:06.116715
EXP8,BA_n20_m5_seed1,BA,20,75,0.394737,KBST,1,20,9,2.2222222222222223,122.22222222222223,0.000439,0.000274,0.000,True,,2026-03-24T12:57:06.117667
EXP8,BA_n20_m5_seed1,BA,20,75,0.394737,MEMETIC,1,20,9,2.2222222222222223,122.22222222222223,15.823074,15.809157,0.000,True,,2026-03-24T12:57:21.941310
EXP1,WS_n20_k8_b01_seed1,WS,20,80,0.421053,IC,1,20,,,,0.000780,0.000283,0.000,True,,2026-03-24T12:57:21.943228
EXP1,WS_n20_k8_b01_seed1,WS,20,80,0.421053,KBST,1,20,,,,0.000379,0.000216,0.000,True,,2026-03-24T12:57:21.944075
EXP1,WS_n20_k8_b01_seed1,WS,20,80,0.421053,MEMETIC,1,20,,,,16.440525,16.428479,0.000,True,,2026-03-24T12:57:38.385303
EXP2,WS_n20_k8_b01_seed1,WS,20,80,0.421053,IC,1,20,,,,0.000690,0.000273,0.000,True,,2026-03-24T12:57:38.386868
EXP2,WS_n20_k8_b01_seed1,WS,20,80,0.421053,KBST,1,20,,,,0.000343,0.000204,0.000,True,,2026-03-24T12:57:38.387724
EXP2,WS_n20_k8_b01_seed1,WS,20,80,0.421053,MEMETIC,1,20,,,,40.595828,40.573038,0.000,True,,2026-03-24T12:58:18.984275
EXP3,WS_n20_k8_b01_seed1,WS,20,80,0.421053,IC,1,20,,,,0.000697,0.000298,0.000,True,,2026-03-24T12:58:18.997008
EXP3,WS_n20_k8_b01_seed1,WS,20,80,0.421053,KBST,1,20,,,,0.000449,0.000233,0.000,True,,2026-03-24T12:58:18.998042
EXP3,WS_n20_k8_b01_seed1,WS,20,80,0.421053,MEMETIC,1,20,,,,40.797123,40.767787,0.000,True,,2026-03-24T12:58:59.795839
EXP8,WS_n20_k8_b01_seed1,WS,20,80,0.421053,BRUTE_FORCE,1,12,12,1.0,0.0,24.915380,24.901795,0.397,True,Ground truth,2026-03-24T12:59:24.724537
EXP8,WS_n20_k8_b01_seed1,WS,20,80,0.421053,IC,1,20,12,1.6666666666666667,66.66666666666666,0.000752,0.000291,0.000,True,,2026-03-24T12:59:24.725829
EXP8,WS_n20_k8_b01_seed1,WS,20,80,0.421053,KBST,1,20,12,1.6666666666666667,66.66666666666666,0.000377,0.000250,0.000,True,,2026-03-24T12:59:24.726774
EXP8,WS_n20_k8_b01_seed1,WS,20,80,0.421053,MEMETIC,1,20,12,1.6666666666666667,66.66666666666666,16.438844,16.428302,0.000,True,,2026-03-24T12:59:41.166381
EXP1,WS_n20_k8_b03_seed1,WS,20,80,0.421053,IC,1,20,,,,0.001073,0.000524,0.000,True,,2026-03-24T12:59:41.168888
EXP1,WS_n20_k8_b03_seed1,WS,20,80,0.421053,KBST,1,20,,,,0.000464,0.000256,0.000,True,,2026-03-24T12:59:41.170045
EXP1,WS_n20_k8_b03_seed1,WS,20,80,0.421053,MEMETIC,1,20,,,,16.632391,16.622033,0.000,True,,2026-03-24T12:59:57.803233
EXP2,WS_n20_k8_b03_seed1,WS,20,80,0.421053,IC,1,20,,,,0.000765,0.000338,0.000,True,,2026-03-24T12:59:57.805219
EXP2,WS_n20_k8_b03_seed1,WS,20,80,0.421053,KBST,1,20,,,,0.000540,0.000540,0.000,True,,2026-03-24T12:59:57.806557
EXP2,WS_n20_k8_b03_seed1,WS,20,80,0.421053,MEMETIC,1,20,,,,41.865604,41.796012,0.000,True,,2026-03-24T13:00:39.672808
EXP3,WS_n20_k8_b03_seed1,WS,20,80,0.421053,IC,1,20,,,,0.000950,0.000440,0.000,True,,2026-03-24T13:00:39.686171
EXP3,WS_n20_k8_b03_seed1,WS,20,80,0.421053,KBST,1,20,,,,0.000469,0.000241,0.000,True,,2026-03-24T13:00:39.687257
EXP3,WS_n20_k8_b03_seed1,WS,20,80,0.421053,MEMETIC,1,20,,,,41.627812,41.570248,0.000,True,,2026-03-24T13:01:21.315662
EXP8,WS_n20_k8_b03_seed1,WS,20,80,0.421053,BRUTE_FORCE,1,11,11,1.0,0.0,21.101643,21.078325,0.020,True,Ground truth,2026-03-24T13:01:42.430856
EXP8,WS_n20_k8_b03_seed1,WS,20,80,0.421053,IC,1,20,11,1.8181818181818181,81.81818181818183,0.000732,0.000302,0.000,True,,2026-03-24T13:01:42.432300
EXP8,WS_n20_k8_b03_seed1,WS,20,80,0.421053,KBST,1,20,11,1.8181818181818181,81.81818181818183,0.000506,0.000497,0.000,True,,2026-03-24T13:01:42.433451
EXP8,WS_n20_k8_b03_seed1,WS,20,80,0.421053,MEMETIC,1,20,11,1.8181818181818181,81.81818181818183,16.798829,16.780358,0.000,True,,2026-03-24T13:01:59.233033
EXP1,WS_n20_k8_b05_seed1,WS,20,80,0.421053,IC,1,20,,,,0.000777,0.000325,0.000,True,,2026-03-24T13:01:59.235378
EXP1,WS_n20_k8_b05_seed1,WS,20,80,0.421053,KBST,1,20,,,,0.000611,0.000425,0.000,True,,2026-03-24T13:01:59.236574
EXP1,WS_n20_k8_b05_seed1,WS,20,80,0.421053,MEMETIC,1,20,,,,16.735634,16.721307,0.000,True,,2026-03-24T13:02:15.972783
EXP2,WS_n20_k8_b05_seed1,WS,20,80,0.421053,IC,1,20,,,,0.000707,0.000534,0.000,True,,2026-03-24T13:02:15.974472
EXP2,WS_n20_k8_b05_seed1,WS,20,80,0.421053,KBST,1,20,,,,0.000529,0.000380,0.000,True,,2026-03-24T13:02:15.975503
EXP2,WS_n20_k8_b05_seed1,WS,20,80,0.421053,MEMETIC,1,20,,,,41.475970,41.441774,0.000,True,,2026-03-24T13:02:57.452189
EXP3,WS_n20_k8_b05_seed1,WS,20,80,0.421053,IC,1,20,,,,0.000901,0.000724,0.000,True,,2026-03-24T13:02:57.465653
EXP3,WS_n20_k8_b05_seed1,WS,20,80,0.421053,KBST,1,20,,,,0.000521,0.000316,0.000,True,,2026-03-24T13:02:57.466766
EXP3,WS_n20_k8_b05_seed1,WS,20,80,0.421053,MEMETIC,1,20,,,,41.722969,41.661303,0.000,True,,2026-03-24T13:03:39.190502
EXP8,WS_n20_k8_b05_seed1,WS,20,80,0.421053,BRUTE_FORCE,1,11,11,1.0,0.0,23.210425,23.128480,0.020,True,Ground truth,2026-03-24T13:04:02.414361
EXP8,WS_n20_k8_b05_seed1,WS,20,80,0.421053,IC,1,20,11,1.8181818181818181,81.81818181818183,0.000693,0.000436,0.000,True,,2026-03-24T13:04:02.415554
EXP8,WS_n20_k8_b05_seed1,WS,20,80,0.421053,KBST,1,20,11,1.8181818181818181,81.81818181818183,0.000571,0.000413,0.000,True,,2026-03-24T13:04:02.416575
EXP8,WS_n20_k8_b05_seed1,WS,20,80,0.421053,MEMETIC,1,20,11,1.8181818181818181,81.81818181818183,16.959677,16.932810,0.000,True,,2026-03-24T13:04:19.376900
EXP7,EXP7_Tree_random_n20_run1,Tree,20,19,0.100000,MEMETIC,1,0,,,,2.059629,2.056863,0.000,True,seed=1,2026-03-24T13:04:21.492134
EXP7,EXP7_Tree_random_n20_run2,Tree,20,19,0.100000,MEMETIC,2,0,,,,2.062798,2.058837,0.000,True,seed=2,2026-03-24T13:04:23.555796
EXP7,EXP7_Tree_random_n20_run3,Tree,20,19,0.100000,MEMETIC,3,0,,,,2.032127,2.028877,0.037,True,seed=3,2026-03-24T13:04:25.588884
EXP7,EXP7_Tree_random_n20_run4,Tree,20,19,0.100000,MEMETIC,4,0,,,,2.077053,2.074473,0.008,True,seed=4,2026-03-24T13:04:27.666869
EXP7,EXP7_Tree_random_n20_run5,Tree,20,19,0.100000,MEMETIC,5,0,,,,2.033898,2.029568,0.000,True,seed=5,2026-03-24T13:04:29.701713
EXP7,EXP7_realworld_bull_run1,realworld,5,5,0.500000,MEMETIC,1,1,,,,2.399081,2.395867,0.000,True,seed=1,2026-03-24T13:04:32.101774
EXP7,EXP7_realworld_bull_run2,realworld,5,5,0.500000,MEMETIC,2,1,,,,2.329539,2.327144,0.000,True,seed=2,2026-03-24T13:04:34.432266
EXP7,EXP7_realworld_bull_run3,realworld,5,5,0.500000,MEMETIC,3,1,,,,2.344023,2.341331,0.000,True,seed=3,2026-03-24T13:04:36.777209
EXP7,EXP7_realworld_bull_run4,realworld,5,5,0.500000,MEMETIC,4,1,,,,3.180547,3.176650,0.000,True,seed=4,2026-03-24T13:04:39.958610
EXP7,EXP7_realworld_bull_run5,realworld,5,5,0.500000,MEMETIC,5,1,,,,2.360771,2.357967,0.000,True,seed=5,2026-03-24T13:04:42.320336
EXP1,Tree_binary_n20,Tree,31,30,0.064516,IC,1,1,,,,0.008230,0.007661,0.147,True,,2026-03-24T16:32:51.731434
EXP1,Tree_binary_n20,Tree,31,30,0.064516,KBST,1,0,,,,0.001050,0.000488,0.000,True,,2026-03-24T16:32:51.733205
EXP1,Tree_binary_n20,Tree,31,30,0.064516,MEMETIC,1,0,,,,0.540594,0.538917,0.066,True,,2026-03-24T16:32:52.274631
EXP2,Tree_binary_n20,Tree,31,30,0.064516,IC,1,1,,,,0.007830,0.007633,0.004,True,,2026-03-24T16:32:52.283767
EXP2,Tree_binary_n20,Tree,31,30,0.064516,KBST,1,0,,,,0.000911,0.000295,0.000,True,,2026-03-24T16:32:52.285262
EXP2,Tree_binary_n20,Tree,31,30,0.064516,MEMETIC,1,0,,,,1.352324,1.348023,0.303,True,,2026-03-24T16:32:53.638580
EXP3,Tree_binary_n20,Tree,31,30,0.064516,IC,1,1,,,,0.007300,0.006949,0.000,True,,2026-03-24T16:32:53.658191
EXP3,Tree_binary_n20,Tree,31,30,0.064516,KBST,1,0,,,,0.001222,0.000620,0.000,True,,2026-03-24T16:32:53.660363
EXP3,Tree_binary_n20,Tree,31,30,0.064516,MEMETIC,1,0,,,,1.401406,1.398099,0.127,True,,2026-03-24T16:32:55.062676
EXP1,Grid_5x5,Grid,25,40,0.133333,IC,1,12,,,,0.061451,0.061039,0.004,True,,2026-03-24T16:32:55.137303
EXP1,Grid_5x5,Grid,25,40,0.133333,KBST,1,7,,,,0.004496,0.004507,0.000,True,,2026-03-24T16:32:55.142774
EXP1,Grid_5x5,Grid,25,40,0.133333,MEMETIC,1,25,,,,13.778988,13.752520,0.025,True,,2026-03-24T16:33:08.922403
EXP2,Grid_5x5,Grid,25,40,0.133333,IC,1,12,,,,0.059475,0.059183,0.000,True,,2026-03-24T16:33:08.982857
EXP2,Grid_5x5,Grid,25,40,0.133333,KBST,1,7,,,,0.004238,0.004109,0.000,True,,2026-03-24T16:33:08.987684
EXP2,Grid_5x5,Grid,25,40,0.133333,MEMETIC,1,25,,,,34.404525,34.355250,0.000,True,,2026-03-24T16:33:43.392718
EXP3,Grid_5x5,Grid,25,40,0.133333,IC,1,12,,,,0.059185,0.058968,0.000,True,,2026-03-24T16:33:43.463920
EXP3,Grid_5x5,Grid,25,40,0.133333,KBST,1,7,,,,0.004380,0.003784,0.000,True,,2026-03-24T16:33:43.469324
EXP3,Grid_5x5,Grid,25,40,0.133333,MEMETIC,1,25,,,,34.494575,34.439953,0.000,True,,2026-03-24T16:34:17.964723
EXP1,CycleHeavy_n50_density10_nested_cycles,CycleHeavy,33,44,0.083333,IC,1,11,,,,1.615078,1.610562,0.000,True,,2026-03-24T16:34:19.647247
EXP1,CycleHeavy_n50_density10_nested_cycles,CycleHeavy,33,44,0.083333,KBST,1,8,,,,0.006199,0.005641,0.000,True,,2026-03-24T16:34:19.654570
EXP1,CycleHeavy_n50_density10_nested_cycles,CycleHeavy,33,44,0.083333,MEMETIC,1,33,,,,21.261635,21.228376,0.004,True,,2026-03-24T16:34:40.916812
EXP2,CycleHeavy_n50_density10_nested_cycles,CycleHeavy,33,44,0.083333,IC,1,11,,,,1.714317,1.711160,0.012,True,,2026-03-24T16:34:42.632414
EXP2,CycleHeavy_n50_density10_nested_cycles,CycleHeavy,33,44,0.083333,KBST,1,8,,,,0.006379,0.005490,0.000,True,,2026-03-24T16:34:42.639622
EXP2,CycleHeavy_n50_density10_nested_cycles,CycleHeavy,33,44,0.083333,MEMETIC,1,33,,,,53.167627,53.056276,0.020,True,,2026-03-24T16:35:35.807904
EXP3,CycleHeavy_n50_density10_nested_cycles,CycleHeavy,33,44,0.083333,IC,1,11,,,,1.575220,1.573200,0.016,True,,2026-03-24T16:35:37.395383
EXP3,CycleHeavy_n50_density10_nested_cycles,CycleHeavy,33,44,0.083333,KBST,1,8,,,,0.007242,0.006387,0.029,True,,2026-03-24T16:35:37.403613
EXP3,CycleHeavy_n50_density10_nested_cycles,CycleHeavy,33,44,0.083333,MEMETIC,1,33,,,,53.210114,53.101531,0.049,True,,2026-03-24T16:36:30.614421
EXP1,CycleHeavy_n50_density25_nested_cycles,CycleHeavy,33,49,0.092803,IC,1,17,,,,0.003213,0.002927,0.000,True,,2026-03-24T16:36:30.701897
EXP1,CycleHeavy_n50_density25_nested_cycles,CycleHeavy,33,49,0.092803,KBST,1,10,,,,0.008864,0.008825,0.000,True,,2026-03-24T16:36:30.711670
EXP1,CycleHeavy_n50_density25_nested_cycles,CycleHeavy,33,49,0.092803,MEMETIC,1,33,,,,22.065724,22.034814,0.000,True,,2026-03-24T16:36:52.778222
EXP2,CycleHeavy_n50_density25_nested_cycles,CycleHeavy,33,49,0.092803,IC,1,17,,,,0.003207,0.003063,0.000,True,,2026-03-24T16:36:52.782757
EXP2,CycleHeavy_n50_density25_nested_cycles,CycleHeavy,33,49,0.092803,KBST,1,10,,,,0.007915,0.007174,0.000,True,,2026-03-24T16:36:52.791817
EXP2,CycleHeavy_n50_density25_nested_cycles,CycleHeavy,33,49,0.092803,MEMETIC,1,33,,,,57.096545,56.877045,0.000,True,,2026-03-24T16:37:49.889267
EXP3,CycleHeavy_n50_density25_nested_cycles,CycleHeavy,33,49,0.092803,IC,1,17,,,,0.003147,0.002275,0.000,True,,2026-03-24T16:37:49.906591
EXP3,CycleHeavy_n50_density25_nested_cycles,CycleHeavy,33,49,0.092803,KBST,1,10,,,,0.008054,0.007332,0.000,True,,2026-03-24T16:37:49.915619
EXP3,CycleHeavy_n50_density25_nested_cycles,CycleHeavy,33,49,0.092803,MEMETIC,1,33,,,,57.424201,57.176865,0.000,True,,2026-03-24T16:38:47.340611
EXP1,CycleHeavy_n50_density50_nested_cycles,CycleHeavy,33,57,0.107955,IC,1,12,,,,0.368273,0.365545,0.000,True,,2026-03-24T16:38:47.724684
EXP1,CycleHeavy_n50_density50_nested_cycles,CycleHeavy,33,57,0.107955,KBST,1,11,,,,0.009367,0.009149,0.000,True,,2026-03-24T16:38:47.735015
EXP1,CycleHeavy_n50_density50_nested_cycles,CycleHeavy,33,57,0.107955,MEMETIC,1,33,,,,25.079009,25.013492,1.712,True,,2026-03-24T16:39:12.814820
EXP2,CycleHeavy_n50_density50_nested_cycles,CycleHeavy,33,57,0.107955,IC,1,12,,,,0.361337,0.360124,0.000,True,,2026-03-24T16:39:13.177464
EXP2,CycleHeavy_n50_density50_nested_cycles,CycleHeavy,33,57,0.107955,KBST,1,11,,,,0.009154,0.008488,0.000,True,,2026-03-24T16:39:13.187447
EXP2,CycleHeavy_n50_density50_nested_cycles,CycleHeavy,33,57,0.107955,MEMETIC,1,33,,,,61.921239,61.746893,0.086,True,,2026-03-24T16:40:15.109470
EXP3,CycleHeavy_n50_density50_nested_cycles,CycleHeavy,33,57,0.107955,IC,1,12,,,,0.368462,0.365985,0.000,True,,2026-03-24T16:40:15.491949
EXP3,CycleHeavy_n50_density50_nested_cycles,CycleHeavy,33,57,0.107955,KBST,1,11,,,,0.009905,0.009814,0.000,True,,2026-03-24T16:40:15.502906
EXP3,CycleHeavy_n50_density50_nested_cycles,CycleHeavy,33,57,0.107955,MEMETIC,1,33,,,,64.262327,63.902443,0.000,True,,2026-03-24T16:41:19.765930
EXP1,CycleHeavy_n50_density75_nested_cycles,CycleHeavy,33,65,0.123106,IC,1,33,,,,0.001005,0.000726,0.000,True,,2026-03-24T16:41:19.807848
EXP1,CycleHeavy_n50_density75_nested_cycles,CycleHeavy,33,65,0.123106,KBST,1,13,,,,0.015539,0.014932,0.000,True,,2026-03-24T16:41:19.824554
EXP1,CycleHeavy_n50_density75_nested_cycles,CycleHeavy,33,65,0.123106,MEMETIC,1,33,,,,26.870633,26.745933,0.000,True,,2026-03-24T16:41:46.695808
EXP2,CycleHeavy_n50_density75_nested_cycles,CycleHeavy,33,65,0.123106,IC,1,33,,,,0.001019,0.000489,0.000,True,,2026-03-24T16:41:46.698025
EXP2,CycleHeavy_n50_density75_nested_cycles,CycleHeavy,33,65,0.123106,KBST,1,13,,,,0.013472,0.012765,0.000,True,,2026-03-24T16:41:46.712544
EXP2,CycleHeavy_n50_density75_nested_cycles,CycleHeavy,33,65,0.123106,MEMETIC,1,33,,,,66.144461,65.928106,0.000,True,,2026-03-24T16:42:52.857646
EXP3,CycleHeavy_n50_density75_nested_cycles,CycleHeavy,33,65,0.123106,IC,1,33,,,,0.000939,0.000811,0.000,True,,2026-03-24T16:42:52.871717
EXP3,CycleHeavy_n50_density75_nested_cycles,CycleHeavy,33,65,0.123106,KBST,1,13,,,,0.012489,0.012039,0.000,True,,2026-03-24T16:42:52.885366
EXP3,CycleHeavy_n50_density75_nested_cycles,CycleHeavy,33,65,0.123106,MEMETIC,1,33,,,,66.219429,65.959699,0.000,True,,2026-03-24T16:43:59.105530
EXP1,Tree_random_n50,Tree,50,49,0.040000,IC,1,0,,,,0.015382,0.014580,0.000,True,,2026-03-24T16:43:59.134733
EXP1,Tree_random_n50,Tree,50,49,0.040000,KBST,1,0,,,,0.001903,0.001155,0.000,True,,2026-03-24T16:43:59.137613
EXP1,Tree_random_n50,Tree,50,49,0.040000,MEMETIC,1,0,,,,0.835015,0.833196,0.004,True,,2026-03-24T16:43:59.973770
EXP2,Tree_random_n50,Tree,50,49,0.040000,IC,1,0,,,,0.015075,0.014366,0.000,True,,2026-03-24T16:43:59.990600
EXP2,Tree_random_n50,Tree,50,49,0.040000,KBST,1,0,,,,0.001840,0.001319,0.000,True,,2026-03-24T16:43:59.993281
EXP2,Tree_random_n50,Tree,50,49,0.040000,MEMETIC,1,0,,,,2.219385,2.212363,0.000,True,,2026-03-24T16:44:02.213710
EXP3,Tree_random_n50,Tree,50,49,0.040000,IC,1,0,,,,0.015917,0.015289,0.000,True,,2026-03-24T16:44:02.244625
EXP3,Tree_random_n50,Tree,50,49,0.040000,KBST,1,0,,,,0.001980,0.001318,0.000,True,,2026-03-24T16:44:02.247489
EXP3,Tree_random_n50,Tree,50,49,0.040000,MEMETIC,1,0,,,,2.161321,2.154524,0.000,True,,2026-03-24T16:44:04.409933
EXP1,Tree_star_n50,Tree,50,49,0.040000,IC,1,0,,,,0.016430,0.015623,0.000,True,,2026-03-24T16:44:04.440636
EXP1,Tree_star_n50,Tree,50,49,0.040000,KBST,1,0,,,,0.001067,0.000331,0.000,True,,2026-03-24T16:44:04.442418
EXP1,Tree_star_n50,Tree,50,49,0.040000,MEMETIC,1,0,,,,0.837707,0.835212,0.000,True,,2026-03-24T16:44:05.281025
EXP2,Tree_star_n50,Tree,50,49,0.040000,IC,1,0,,,,0.016350,0.016019,0.000,True,,2026-03-24T16:44:05.299200
EXP2,Tree_star_n50,Tree,50,49,0.040000,KBST,1,0,,,,0.001132,0.000631,0.000,True,,2026-03-24T16:44:05.301148
EXP2,Tree_star_n50,Tree,50,49,0.040000,MEMETIC,1,0,,,,2.128380,2.124295,0.000,True,,2026-03-24T16:44:07.430566
EXP3,Tree_star_n50,Tree,50,49,0.040000,IC,1,0,,,,0.015776,0.015301,0.000,True,,2026-03-24T16:44:07.459410
EXP3,Tree_star_n50,Tree,50,49,0.040000,KBST,1,0,,,,0.001001,0.000492,0.000,True,,2026-03-24T16:44:07.461193
EXP3,Tree_star_n50,Tree,50,49,0.040000,MEMETIC,1,0,,,,2.082892,2.074694,0.000,True,,2026-03-24T16:44:09.545170
EXP1,CycleHeavy_n50_density10_random_overlay,CycleHeavy,50,54,0.044082,IC,1,5,,,,0.245702,0.245258,0.000,True,,2026-03-24T16:44:09.892784
EXP1,CycleHeavy_n50_density10_random_overlay,CycleHeavy,50,54,0.044082,KBST,1,3,,,,0.003361,0.003037,0.000,True,,2026-03-24T16:44:09.897022
EXP1,CycleHeavy_n50_density10_random_overlay,CycleHeavy,50,54,0.044082,MEMETIC,1,50,,,,46.497931,46.386053,5.427,True,,2026-03-24T16:44:56.395590
EXP2,CycleHeavy_n50_density10_random_overlay,CycleHeavy,50,54,0.044082,IC,1,5,,,,0.247332,0.246235,0.000,True,,2026-03-24T16:44:56.644467
EXP2,CycleHeavy_n50_density10_random_overlay,CycleHeavy,50,54,0.044082,KBST,1,3,,,,0.003710,0.003463,0.000,True,,2026-03-24T16:44:56.649155
EXP2,CycleHeavy_n50_density10_random_overlay,CycleHeavy,50,54,0.044082,MEMETIC,1,50,,,,114.032205,113.739845,0.000,True,,2026-03-24T16:46:50.681934
EXP3,CycleHeavy_n50_density10_random_overlay,CycleHeavy,50,54,0.044082,IC,1,5,,,,0.239550,0.238837,0.000,True,,2026-03-24T16:46:50.935390
EXP3,CycleHeavy_n50_density10_random_overlay,CycleHeavy,50,54,0.044082,KBST,1,3,,,,0.003338,0.002580,0.000,True,,2026-03-24T16:46:50.939503
EXP3,CycleHeavy_n50_density10_random_overlay,CycleHeavy,50,54,0.044082,MEMETIC,1,50,,,,111.650282,111.497481,0.012,True,,2026-03-24T16:48:42.590532
EXP1,CycleHeavy_n50_density25_random_overlay,CycleHeavy,50,61,0.049796,IC,1,10,,,,3.086778,3.083310,0.000,True,,2026-03-24T16:48:45.691697
EXP1,CycleHeavy_n50_density25_random_overlay,CycleHeavy,50,61,0.049796,KBST,1,5,,,,0.006441,0.006215,0.000,True,,2026-03-24T16:48:45.699225
EXP1,CycleHeavy_n50_density25_random_overlay,CycleHeavy,50,61,0.049796,MEMETIC,1,50,,,,46.422319,46.367676,0.000,True,,2026-03-24T16:49:32.122290
EXP2,CycleHeavy_n50_density25_random_overlay,CycleHeavy,50,61,0.049796,IC,1,10,,,,3.022252,3.019435,0.000,True,,2026-03-24T16:49:35.145850
EXP2,CycleHeavy_n50_density25_random_overlay,CycleHeavy,50,61,0.049796,KBST,1,5,,,,0.006564,0.005960,0.000,True,,2026-03-24T16:49:35.153407
EXP2,CycleHeavy_n50_density25_random_overlay,CycleHeavy,50,61,0.049796,MEMETIC,1,50,,,,117.269186,117.075841,0.000,True,,2026-03-24T16:51:32.423428
EXP3,CycleHeavy_n50_density25_random_overlay,CycleHeavy,50,61,0.049796,IC,1,10,,,,3.215337,3.190277,0.000,True,,2026-03-24T16:51:35.652756
EXP3,CycleHeavy_n50_density25_random_overlay,CycleHeavy,50,61,0.049796,KBST,1,5,,,,0.006663,0.006191,0.000,True,,2026-03-24T16:51:35.660364
EXP3,CycleHeavy_n50_density25_random_overlay,CycleHeavy,50,61,0.049796,MEMETIC,1,50,,,,118.569310,118.266621,0.000,True,,2026-03-24T16:53:34.230472
EXP1,ER_n20_p0.5_seed1,ER,20,91,0.478947,IC,1,20,,,,0.000742,0.000309,0.000,True,,2026-03-24T16:53:34.246410
EXP1,ER_n20_p0.5_seed1,ER,20,91,0.478947,KBST,1,20,,,,0.000447,0.000265,0.000,True,,2026-03-24T16:53:34.247401
EXP1,ER_n20_p0.5_seed1,ER,20,91,0.478947,MEMETIC,1,20,,,,18.158250,18.133514,0.000,True,,2026-03-24T16:53:52.406300
EXP2,ER_n20_p0.5_seed1,ER,20,91,0.478947,IC,1,20,,,,0.000907,0.000311,0.000,True,,2026-03-24T16:53:52.408379
EXP2,ER_n20_p0.5_seed1,ER,20,91,0.478947,KBST,1,20,,,,0.000518,0.000509,0.000,True,,2026-03-24T16:53:52.409528
EXP2,ER_n20_p0.5_seed1,ER,20,91,0.478947,MEMETIC,1,20,,,,46.296394,46.183507,0.000,True,,2026-03-24T16:54:38.706595
EXP3,ER_n20_p0.5_seed1,ER,20,91,0.478947,IC,1,20,,,,0.000781,0.000706,0.000,True,,2026-03-24T16:54:38.721570
EXP3,ER_n20_p0.5_seed1,ER,20,91,0.478947,KBST,1,20,,,,0.000420,0.000340,0.000,True,,2026-03-24T16:54:38.722478
EXP3,ER_n20_p0.5_seed1,ER,20,91,0.478947,MEMETIC,1,20,,,,45.936306,45.849369,0.000,True,,2026-03-24T16:55:24.659373
EXP8,ER_n20_p0.5_seed1,ER,20,91,0.478947,BRUTE_FORCE,1,11,11,1.0,0.0,19.033386,18.981014,0.012,True,Ground truth,2026-03-24T16:55:43.706429
EXP8,ER_n20_p0.5_seed1,ER,20,91,0.478947,IC,1,20,11,1.8181818181818181,81.81818181818183,0.001134,0.000340,0.000,True,,2026-03-24T16:55:43.708258
EXP8,ER_n20_p0.5_seed1,ER,20,91,0.478947,KBST,1,20,11,1.8181818181818181,81.81818181818183,0.000494,0.000298,0.000,True,,2026-03-24T16:55:43.709357
EXP8,ER_n20_p0.5_seed1,ER,20,91,0.478947,MEMETIC,1,20,11,1.8181818181818181,81.81818181818183,18.100935,18.065426,0.000,True,,2026-03-24T16:56:01.810932
EXP1,realworld_karate,realworld,34,78,0.139037,IC,1,34,,,,0.000788,0.000344,0.000,True,,2026-03-24T16:56:01.812971
EXP1,realworld_karate,realworld,34,78,0.139037,KBST,1,34,,,,0.000481,0.000309,0.000,True,,2026-03-24T16:56:01.814124
EXP1,realworld_karate,realworld,34,78,0.139037,MEMETIC,1,34,,,,32.247761,32.191793,0.000,True,,2026-03-24T16:56:34.062606
EXP2,realworld_karate,realworld,34,78,0.139037,IC,1,34,,,,0.000937,0.000780,0.000,True,,2026-03-24T16:56:34.064679
EXP2,realworld_karate,realworld,34,78,0.139037,KBST,1,34,,,,0.000562,0.000386,0.000,True,,2026-03-24T16:56:34.065931
EXP2,realworld_karate,realworld,34,78,0.139037,MEMETIC,1,34,,,,79.940621,79.807158,0.000,True,,2026-03-24T16:57:54.007426
EXP3,realworld_karate,realworld,34,78,0.139037,IC,1,34,,,,0.000897,0.000564,0.000,True,,2026-03-24T16:57:54.022772
EXP3,realworld_karate,realworld,34,78,0.139037,KBST,1,34,,,,0.000496,0.000305,0.000,True,,2026-03-24T16:57:54.023809
EXP3,realworld_karate,realworld,34,78,0.139037,MEMETIC,1,34,,,,80.008568,79.889620,0.000,True,,2026-03-24T16:59:14.032999
EXP9,realworld_karate,realworld,34,78,0.139037,IC,1,34,,,,0.000882,0.000603,0.000,True,"density=0.1390, avg_deg=4.59",2026-03-24T16:59:14.048790
EXP9,realworld_karate,realworld,34,78,0.139037,KBST,1,34,,,,0.000528,0.000306,0.000,True,"density=0.1390, avg_deg=4.59",2026-03-24T16:59:14.050032
EXP9,realworld_karate,realworld,34,78,0.139037,MEMETIC,1,34,,,,81.023243,80.772589,0.000,True,"density=0.1390, avg_deg=4.59",2026-03-24T17:00:35.074031
EXP1,CycleHeavy_n50_density50_random_overlay,CycleHeavy,50,74,0.060408,IC,1,23,,,,1032.357572,1028.873573,1.085,True,,2026-03-24T17:17:47.433592
EXP1,CycleHeavy_n50_density50_random_overlay,CycleHeavy,50,74,0.060408,KBST,1,10,,,,0.013180,0.012340,0.000,True,,2026-03-24T17:17:47.447738
EXP1,CycleHeavy_n50_density50_random_overlay,CycleHeavy,50,74,0.060408,MEMETIC,1,50,,,,50.081240,49.920936,0.000,True,,2026-03-24T17:18:37.529570
EXP2,CycleHeavy_n50_density50_random_overlay,CycleHeavy,50,74,0.060408,IC,1,23,,,,1016.084465,1013.630878,0.000,True,,2026-03-24T17:35:33.615545
EXP2,CycleHeavy_n50_density50_random_overlay,CycleHeavy,50,74,0.060408,KBST,1,10,,,,0.012421,0.012366,0.000,True,,2026-03-24T17:35:33.628871
EXP2,CycleHeavy_n50_density50_random_overlay,CycleHeavy,50,74,0.060408,MEMETIC,1,50,,,,122.282635,122.155656,0.000,True,,2026-03-24T17:37:35.912215
EXP3,CycleHeavy_n50_density50_random_overlay,CycleHeavy,50,74,0.060408,IC,1,23,,,,1001.812302,1000.925442,0.000,True,,2026-03-24T17:54:17.739001
EXP3,CycleHeavy_n50_density50_random_overlay,CycleHeavy,50,74,0.060408,KBST,1,10,,,,0.012790,0.012800,0.000,True,,2026-03-24T17:54:17.752802
EXP3,CycleHeavy_n50_density50_random_overlay,CycleHeavy,50,74,0.060408,MEMETIC,1,50,,,,121.727669,121.607041,0.000,True,,2026-03-24T17:56:19.481238
EXP2,Tree_binary_n50,Tree,63,62,0.031746,IC,1,1,,,,0.023695,0.023588,0.000,True,,2026-03-24T17:56:19.522890
EXP2,Tree_binary_n50,Tree,63,62,0.031746,KBST,1,0,,,,0.002042,0.001849,0.000,True,,2026-03-24T17:56:19.526041
EXP2,Tree_binary_n50,Tree,63,62,0.031746,MEMETIC,1,0,,,,2.619661,2.615845,0.000,True,,2026-03-24T17:56:22.147057
EXP3,Tree_binary_n50,Tree,63,62,0.031746,IC,1,1,,,,0.089480,0.088515,0.000,True,,2026-03-24T17:56:22.250930
EXP3,Tree_binary_n50,Tree,63,62,0.031746,KBST,1,0,,,,0.001474,0.000929,0.000,True,,2026-03-24T17:56:22.253390
EXP3,Tree_binary_n50,Tree,63,62,0.031746,MEMETIC,1,0,,,,2.556206,2.553730,0.000,True,,2026-03-24T17:56:24.810697
EXP1,CycleHeavy_n50_density75_random_overlay,CycleHeavy,50,86,0.070204,IC,1,18,,,,0.350487,0.349975,0.000,True,,2026-03-24T17:56:25.179142
EXP1,CycleHeavy_n50_density75_random_overlay,CycleHeavy,50,86,0.070204,KBST,1,16,,,,0.019498,0.018806,0.000,True,,2026-03-24T17:56:25.199674
EXP1,CycleHeavy_n50_density75_random_overlay,CycleHeavy,50,86,0.070204,MEMETIC,1,50,,,,52.699778,52.659376,0.000,True,,2026-03-24T17:57:17.900364
EXP2,CycleHeavy_n50_density75_random_overlay,CycleHeavy,50,86,0.070204,IC,1,18,,,,0.411611,0.411059,0.000,True,,2026-03-24T17:57:18.313286
EXP2,CycleHeavy_n50_density75_random_overlay,CycleHeavy,50,86,0.070204,KBST,1,16,,,,0.020069,0.019666,0.000,True,,2026-03-24T17:57:18.334257
EXP2,CycleHeavy_n50_density75_random_overlay,CycleHeavy,50,86,0.070204,MEMETIC,1,50,,,,131.675839,131.559416,0.000,True,,2026-03-24T17:59:30.010821
EXP3,CycleHeavy_n50_density75_random_overlay,CycleHeavy,50,86,0.070204,IC,1,18,,,,0.357419,0.357115,0.000,True,,2026-03-24T17:59:30.384758
EXP3,CycleHeavy_n50_density75_random_overlay,CycleHeavy,50,86,0.070204,KBST,1,16,,,,0.019791,0.019149,0.000,True,,2026-03-24T17:59:30.405520
EXP3,CycleHeavy_n50_density75_random_overlay,CycleHeavy,50,86,0.070204,MEMETIC,1,50,,,,134.558691,134.293420,0.000,True,,2026-03-24T18:01:44.964786
EXP1,BA_n50_m2_seed1,BA,50,96,0.078367,IC,1,10,,,,46.681116,46.626785,0.127,True,,2026-03-24T18:02:31.662816
EXP1,BA_n50_m2_seed1,BA,50,96,0.078367,KBST,1,9,,,,0.012012,0.011135,0.000,True,,2026-03-24T18:02:31.675820
EXP1,BA_n50_m2_seed1,BA,50,96,0.078367,MEMETIC,1,50,,,,55.437986,55.397031,0.000,True,,2026-03-24T18:03:27.114562
EXP2,BA_n50_m2_seed1,BA,50,96,0.078367,IC,1,10,,,,46.547901,46.517341,0.000,True,,2026-03-24T18:04:13.663915
EXP2,BA_n50_m2_seed1,BA,50,96,0.078367,KBST,1,9,,,,0.012071,0.011928,0.000,True,,2026-03-24T18:04:13.676864
EXP2,BA_n50_m2_seed1,BA,50,96,0.078367,MEMETIC,1,50,,,,136.699170,136.598848,0.000,True,,2026-03-24T18:06:30.376821
EXP3,BA_n50_m2_seed1,BA,50,96,0.078367,IC,1,10,,,,46.209735,46.178201,0.004,True,,2026-03-24T18:07:16.601212
EXP3,BA_n50_m2_seed1,BA,50,96,0.078367,KBST,1,9,,,,0.011819,0.011740,0.000,True,,2026-03-24T18:07:16.613965
EXP3,BA_n50_m2_seed1,BA,50,96,0.078367,MEMETIC,1,50,,,,139.988025,139.691074,0.000,True,,2026-03-24T18:09:36.602649
EXP1,WS_n50_k4_b01_seed1,WS,50,100,0.081633,IC,1,50,,,,0.000931,0.000873,0.000,True,,2026-03-24T18:09:36.619601
EXP1,WS_n50_k4_b01_seed1,WS,50,100,0.081633,KBST,1,50,,,,0.000565,0.000344,0.000,True,,2026-03-24T18:09:36.620777
EXP1,WS_n50_k4_b01_seed1,WS,50,100,0.081633,MEMETIC,1,50,,,,57.276686,57.165309,0.000,True,,2026-03-24T18:10:33.898517
EXP2,WS_n50_k4_b01_seed1,WS,50,100,0.081633,IC,1,50,,,,0.001168,0.000457,0.000,True,,2026-03-24T18:10:33.901309
EXP2,WS_n50_k4_b01_seed1,WS,50,100,0.081633,KBST,1,50,,,,0.000583,0.000295,0.000,True,,2026-03-24T18:10:33.902481
EXP2,WS_n50_k4_b01_seed1,WS,50,100,0.081633,MEMETIC,1,50,,,,142.818913,142.564410,0.000,True,,2026-03-24T18:12:56.722082
EXP3,WS_n50_k4_b01_seed1,WS,50,100,0.081633,IC,1,50,,,,0.000900,0.000592,0.000,True,,2026-03-24T18:12:56.737757
EXP3,WS_n50_k4_b01_seed1,WS,50,100,0.081633,KBST,1,50,,,,0.000494,0.000291,0.000,True,,2026-03-24T18:12:56.738803
EXP3,WS_n50_k4_b01_seed1,WS,50,100,0.081633,MEMETIC,1,50,,,,141.071459,140.971000,0.000,True,,2026-03-24T18:15:17.810933
EXP1,WS_n50_k4_b03_seed1,WS,50,100,0.081633,IC,1,50,,,,0.000960,0.000365,0.000,True,,2026-03-24T18:15:17.827324
EXP1,WS_n50_k4_b03_seed1,WS,50,100,0.081633,KBST,1,50,,,,0.000451,0.000245,0.000,True,,2026-03-24T18:15:17.828432
EXP1,WS_n50_k4_b03_seed1,WS,50,100,0.081633,MEMETIC,1,50,,,,56.983461,56.944706,0.000,True,,2026-03-24T18:16:14.812539
EXP2,WS_n50_k4_b03_seed1,WS,50,100,0.081633,IC,1,50,,,,0.000807,0.000293,0.000,True,,2026-03-24T18:16:14.814349
EXP2,WS_n50_k4_b03_seed1,WS,50,100,0.081633,KBST,1,50,,,,0.000426,0.000238,0.000,True,,2026-03-24T18:16:14.815294
EXP2,WS_n50_k4_b03_seed1,WS,50,100,0.081633,MEMETIC,1,50,,,,141.328914,141.232003,0.000,True,,2026-03-24T18:18:36.144854
EXP3,WS_n50_k4_b03_seed1,WS,50,100,0.081633,IC,1,50,,,,0.000853,0.000368,0.000,True,,2026-03-24T18:18:36.160232
EXP3,WS_n50_k4_b03_seed1,WS,50,100,0.081633,KBST,1,50,,,,0.000427,0.000225,0.000,True,,2026-03-24T18:18:36.161251
EXP3,WS_n50_k4_b03_seed1,WS,50,100,0.081633,MEMETIC,1,50,,,,141.782716,141.697031,0.000,True,,2026-03-24T18:20:57.944673
EXP1,WS_n50_k4_b05_seed1,WS,50,100,0.081633,IC,1,50,,,,0.000940,0.000801,0.000,True,,2026-03-24T18:20:57.961645
EXP1,WS_n50_k4_b05_seed1,WS,50,100,0.081633,KBST,1,50,,,,0.000592,0.000339,0.000,True,,2026-03-24T18:20:57.962834
EXP1,WS_n50_k4_b05_seed1,WS,50,100,0.081633,MEMETIC,1,50,,,,58.466381,58.438326,0.000,True,,2026-03-24T18:21:56.429869
EXP2,WS_n50_k4_b05_seed1,WS,50,100,0.081633,IC,1,50,,,,0.000822,0.000489,0.000,True,,2026-03-24T18:21:56.431720
EXP2,WS_n50_k4_b05_seed1,WS,50,100,0.081633,KBST,1,50,,,,0.000403,0.000249,0.000,True,,2026-03-24T18:21:56.432592
EXP2,WS_n50_k4_b05_seed1,WS,50,100,0.081633,MEMETIC,1,50,,,,146.081144,145.979548,0.000,True,,2026-03-24T18:24:22.514425
EXP3,WS_n50_k4_b05_seed1,WS,50,100,0.081633,IC,1,50,,,,0.000865,0.000379,0.000,True,,2026-03-24T18:24:22.530968
EXP3,WS_n50_k4_b05_seed1,WS,50,100,0.081633,KBST,1,50,,,,0.000420,0.000211,0.000,True,,2026-03-24T18:24:22.531917
EXP3,WS_n50_k4_b05_seed1,WS,50,100,0.081633,MEMETIC,1,50,,,,145.756122,145.671691,0.000,True,,2026-03-24T18:26:48.288692
EXP1,ER_n20_p0.7_seed1,ER,20,133,0.700000,IC,1,20,,,,0.000863,0.000690,0.000,True,,2026-03-24T18:26:48.305626
EXP1,ER_n20_p0.7_seed1,ER,20,133,0.700000,KBST,1,20,,,,0.000429,0.000329,0.000,True,,2026-03-24T18:26:48.306547
EXP1,ER_n20_p0.7_seed1,ER,20,133,0.700000,MEMETIC,1,20,,,,24.462466,24.455303,0.000,True,,2026-03-24T18:27:12.769627
EXP2,ER_n20_p0.7_seed1,ER,20,133,0.700000,IC,1,20,,,,0.000780,0.000481,0.000,True,,2026-03-24T18:27:12.771721
EXP2,ER_n20_p0.7_seed1,ER,20,133,0.700000,KBST,1,20,,,,0.000460,0.000296,0.000,True,,2026-03-24T18:27:12.772712
EXP2,ER_n20_p0.7_seed1,ER,20,133,0.700000,MEMETIC,1,20,,,,60.755260,60.722015,0.000,True,,2026-03-24T18:28:13.528530
EXP3,ER_n20_p0.7_seed1,ER,20,133,0.700000,IC,1,20,,,,0.000813,0.000353,0.000,True,,2026-03-24T18:28:13.544218
EXP3,ER_n20_p0.7_seed1,ER,20,133,0.700000,KBST,1,20,,,,0.000444,0.000238,0.000,True,,2026-03-24T18:28:13.545252
EXP3,ER_n20_p0.7_seed1,ER,20,133,0.700000,MEMETIC,1,20,,,,60.679952,60.645233,0.000,True,,2026-03-24T18:29:14.225697
EXP8,ER_n20_p0.7_seed1,ER,20,133,0.700000,BRUTE_FORCE,1,14,14,1.0,0.0,28.069010,28.058774,0.000,True,Ground truth,2026-03-24T18:29:42.310556
EXP8,ER_n20_p0.7_seed1,ER,20,133,0.700000,IC,1,20,14,1.4285714285714286,42.857142857142854,0.000840,0.000328,0.000,True,,2026-03-24T18:29:42.312004
EXP8,ER_n20_p0.7_seed1,ER,20,133,0.700000,KBST,1,20,14,1.4285714285714286,42.857142857142854,0.000412,0.000229,0.000,True,,2026-03-24T18:29:42.313067
EXP8,ER_n20_p0.7_seed1,ER,20,133,0.700000,MEMETIC,1,20,14,1.4285714285714286,42.857142857142854,24.219210,24.208550,0.000,True,,2026-03-24T18:30:06.532917
EXP1,ER_n50_p0.1_seed1,ER,50,107,0.087347,IC,1,50,,,,0.000793,0.000345,0.000,True,,2026-03-24T18:30:06.535021
EXP1,ER_n50_p0.1_seed1,ER,50,107,0.087347,KBST,1,50,,,,0.000467,0.000294,0.000,True,,2026-03-24T18:30:06.536155
EXP1,ER_n50_p0.1_seed1,ER,50,107,0.087347,MEMETIC,1,50,,,,60.224037,60.199490,0.000,True,,2026-03-24T18:31:06.760770
EXP2,ER_n50_p0.1_seed1,ER,50,107,0.087347,IC,1,50,,,,0.000820,0.000604,0.000,True,,2026-03-24T18:31:06.762658
EXP2,ER_n50_p0.1_seed1,ER,50,107,0.087347,KBST,1,50,,,,0.000475,0.000327,0.000,True,,2026-03-24T18:31:06.763639
EXP2,ER_n50_p0.1_seed1,ER,50,107,0.087347,MEMETIC,1,50,,,,149.688056,149.577081,0.000,True,,2026-03-24T18:33:36.452353
EXP3,ER_n50_p0.1_seed1,ER,50,107,0.087347,IC,1,50,,,,0.000883,0.000793,0.000,True,,2026-03-24T18:33:36.469565
EXP3,ER_n50_p0.1_seed1,ER,50,107,0.087347,KBST,1,50,,,,0.000507,0.000403,0.000,True,,2026-03-24T18:33:36.470590
EXP3,ER_n50_p0.1_seed1,ER,50,107,0.087347,MEMETIC,1,50,,,,149.487458,149.416394,0.000,True,,2026-03-24T18:36:05.958694
EXP1,BA_n50_m3_seed1,BA,50,141,0.115102,IC,1,50,,,,0.000909,0.000882,0.000,True,,2026-03-24T18:36:05.975569
EXP1,BA_n50_m3_seed1,BA,50,141,0.115102,KBST,1,50,,,,0.000540,0.000360,0.000,True,,2026-03-24T18:36:05.976779
EXP1,BA_n50_m3_seed1,BA,50,141,0.115102,MEMETIC,1,50,,,,72.498268,72.460335,0.000,True,,2026-03-24T18:37:18.475729
EXP2,BA_n50_m3_seed1,BA,50,141,0.115102,IC,1,50,,,,0.000904,0.000740,0.000,True,,2026-03-24T18:37:18.477634
EXP2,BA_n50_m3_seed1,BA,50,141,0.115102,KBST,1,50,,,,0.000459,0.000295,0.000,True,,2026-03-24T18:37:18.478606
EXP2,BA_n50_m3_seed1,BA,50,141,0.115102,MEMETIC,1,50,,,,178.413010,178.332324,0.000,True,,2026-03-24T18:40:16.892307
EXP3,BA_n50_m3_seed1,BA,50,141,0.115102,IC,1,50,,,,0.001078,0.001025,0.000,True,,2026-03-24T18:40:16.908553
EXP3,BA_n50_m3_seed1,BA,50,141,0.115102,KBST,1,50,,,,0.000565,0.000348,0.000,True,,2026-03-24T18:40:16.909694
EXP3,BA_n50_m3_seed1,BA,50,141,0.115102,MEMETIC,1,50,,,,179.157969,179.052444,0.000,True,,2026-03-24T18:43:16.068458
EXP1,ER_n20_p0.9_seed1,ER,20,172,0.905263,IC,1,20,,,,0.001014,0.000675,0.000,True,,2026-03-24T18:43:16.085860
EXP1,ER_n20_p0.9_seed1,ER,20,172,0.905263,KBST,1,20,,,,0.000545,0.000266,0.000,True,,2026-03-24T18:43:16.087006
EXP1,ER_n20_p0.9_seed1,ER,20,172,0.905263,MEMETIC,1,20,,,,30.061046,30.029853,0.000,True,,2026-03-24T18:43:46.148617
EXP2,ER_n20_p0.9_seed1,ER,20,172,0.905263,IC,1,20,,,,0.000735,0.000261,0.000,True,,2026-03-24T18:43:46.150356
EXP2,ER_n20_p0.9_seed1,ER,20,172,0.905263,KBST,1,20,,,,0.000436,0.000216,0.000,True,,2026-03-24T18:43:46.151359
EXP2,ER_n20_p0.9_seed1,ER,20,172,0.905263,MEMETIC,1,20,,,,74.035131,73.987597,0.000,True,,2026-03-24T18:45:00.187212
EXP3,ER_n20_p0.9_seed1,ER,20,172,0.905263,IC,1,20,,,,0.001102,0.000555,0.000,True,,2026-03-24T18:45:00.203028
EXP3,ER_n20_p0.9_seed1,ER,20,172,0.905263,KBST,1,20,,,,0.000430,0.000266,0.000,True,,2026-03-24T18:45:00.203977
EXP3,ER_n20_p0.9_seed1,ER,20,172,0.905263,MEMETIC,1,20,,,,73.549533,73.512812,0.000,True,,2026-03-24T18:46:13.754071
EXP8,ER_n20_p0.9_seed1,ER,20,172,0.905263,BRUTE_FORCE,1,16,16,1.0,0.0,26.697904,26.686379,0.000,True,Ground truth,2026-03-24T18:46:40.467725
EXP8,ER_n20_p0.9_seed1,ER,20,172,0.905263,IC,1,20,16,1.25,25.0,0.000984,0.000379,0.000,True,,2026-03-24T18:46:40.469361
EXP8,ER_n20_p0.9_seed1,ER,20,172,0.905263,KBST,1,20,16,1.25,25.0,0.000483,0.000257,0.000,True,,2026-03-24T18:46:40.470383
EXP8,ER_n20_p0.9_seed1,ER,20,172,0.905263,MEMETIC,1,20,16,1.25,25.0,29.567331,29.552932,0.000,True,,2026-03-24T18:47:10.038419
EXP2,Tree_random_n100,Tree,100,99,0.020000,IC,1,0,,,,0.051029,0.050662,0.000,True,,2026-03-24T18:47:10.092360
EXP2,Tree_random_n100,Tree,100,99,0.020000,KBST,1,0,,,,0.004179,0.003513,0.000,True,,2026-03-24T18:47:10.097710
EXP2,Tree_random_n100,Tree,100,99,0.020000,MEMETIC,1,0,,,,4.402939,4.389809,0.000,True,,2026-03-24T18:47:14.501813
EXP3,Tree_random_n100,Tree,100,99,0.020000,IC,1,0,,,,0.055301,0.054236,0.000,True,,2026-03-24T18:47:14.572779
EXP3,Tree_random_n100,Tree,100,99,0.020000,KBST,1,0,,,,0.003729,0.003172,0.000,True,,2026-03-24T18:47:14.577613
EXP3,Tree_random_n100,Tree,100,99,0.020000,MEMETIC,1,0,,,,4.212064,4.207222,0.000,True,,2026-03-24T18:47:18.790970
EXP2,Tree_star_n100,Tree,100,99,0.020000,IC,1,0,,,,0.054597,0.054115,0.000,True,,2026-03-24T18:47:18.863419
EXP2,Tree_star_n100,Tree,100,99,0.020000,KBST,1,0,,,,0.001424,0.000535,0.000,True,,2026-03-24T18:47:18.865692
EXP2,Tree_star_n100,Tree,100,99,0.020000,MEMETIC,1,0,,,,4.042822,4.038387,0.000,True,,2026-03-24T18:47:22.909561
EXP3,Tree_star_n100,Tree,100,99,0.020000,IC,1,0,,,,0.054260,0.054264,0.000,True,,2026-03-24T18:47:22.979859
EXP3,Tree_star_n100,Tree,100,99,0.020000,KBST,1,0,,,,0.001428,0.001014,0.000,True,,2026-03-24T18:47:22.982354
EXP3,Tree_star_n100,Tree,100,99,0.020000,MEMETIC,1,0,,,,4.134280,4.124944,0.000,True,,2026-03-24T18:47:27.117749
EXP1,WS_n50_k6_b01_seed1,WS,50,150,0.122449,IC,1,50,,,,0.001149,0.001132,0.000,True,,2026-03-24T18:47:27.136575
EXP1,WS_n50_k6_b01_seed1,WS,50,150,0.122449,KBST,1,50,,,,0.000631,0.000368,0.000,True,,2026-03-24T18:47:27.137798
EXP1,WS_n50_k6_b01_seed1,WS,50,150,0.122449,MEMETIC,1,50,,,,76.372051,76.227409,0.000,True,,2026-03-24T18:48:43.510568
EXP2,WS_n50_k6_b01_seed1,WS,50,150,0.122449,IC,1,50,,,,0.001083,0.000848,0.000,True,,2026-03-24T18:48:43.512753
EXP2,WS_n50_k6_b01_seed1,WS,50,150,0.122449,KBST,1,50,,,,0.000519,0.000310,0.000,True,,2026-03-24T18:48:43.514114
EXP2,WS_n50_k6_b01_seed1,WS,50,150,0.122449,MEMETIC,1,50,,,,185.839263,185.726295,0.000,True,,2026-03-24T18:51:49.354154
EXP3,WS_n50_k6_b01_seed1,WS,50,150,0.122449,IC,1,50,,,,0.000978,0.000377,0.000,True,,2026-03-24T18:51:49.370364
EXP3,WS_n50_k6_b01_seed1,WS,50,150,0.122449,KBST,1,50,,,,0.000529,0.000295,0.000,True,,2026-03-24T18:51:49.371509
EXP3,WS_n50_k6_b01_seed1,WS,50,150,0.122449,MEMETIC,1,50,,,,186.706687,186.555802,0.000,True,,2026-03-24T18:54:56.078869
EXP1,WS_n50_k6_b03_seed1,WS,50,150,0.122449,IC,1,50,,,,0.000956,0.000369,0.000,True,,2026-03-24T18:54:56.099543
EXP1,WS_n50_k6_b03_seed1,WS,50,150,0.122449,KBST,1,50,,,,0.000502,0.000319,0.000,True,,2026-03-24T18:54:56.100907
EXP1,WS_n50_k6_b03_seed1,WS,50,150,0.122449,MEMETIC,1,50,,,,77.154331,77.064223,0.000,True,,2026-03-24T18:56:13.255853
EXP2,WS_n50_k6_b03_seed1,WS,50,150,0.122449,IC,1,50,,,,0.001000,0.000570,0.000,True,,2026-03-24T18:56:13.257797
EXP2,WS_n50_k6_b03_seed1,WS,50,150,0.122449,KBST,1,50,,,,0.000497,0.000275,0.000,True,,2026-03-24T18:56:13.258748
EXP2,WS_n50_k6_b03_seed1,WS,50,150,0.122449,MEMETIC,1,50,,,,190.995986,190.775045,0.000,True,,2026-03-24T18:59:24.255436
EXP3,WS_n50_k6_b03_seed1,WS,50,150,0.122449,IC,1,50,,,,0.000959,0.000596,0.000,True,,2026-03-24T18:59:24.272898
EXP3,WS_n50_k6_b03_seed1,WS,50,150,0.122449,KBST,1,50,,,,0.000532,0.000329,0.000,True,,2026-03-24T18:59:24.274153
EXP3,WS_n50_k6_b03_seed1,WS,50,150,0.122449,MEMETIC,1,50,,,,191.187948,190.874328,0.000,True,,2026-03-24T19:02:35.462722
EXP1,WS_n50_k6_b05_seed1,WS,50,150,0.122449,IC,1,50,,,,0.001027,0.000416,0.000,True,,2026-03-24T19:02:35.481221
EXP1,WS_n50_k6_b05_seed1,WS,50,150,0.122449,KBST,1,50,,,,0.000426,0.000239,0.000,True,,2026-03-24T19:02:35.482192
EXP1,WS_n50_k6_b05_seed1,WS,50,150,0.122449,MEMETIC,1,50,,,,78.197785,78.025258,0.000,True,,2026-03-24T19:03:53.680661
EXP2,WS_n50_k6_b05_seed1,WS,50,150,0.122449,IC,1,50,,,,0.000881,0.000539,0.000,True,,2026-03-24T19:03:53.682811
EXP2,WS_n50_k6_b05_seed1,WS,50,150,0.122449,KBST,1,50,,,,0.000390,0.000259,0.000,True,,2026-03-24T19:03:53.683651
EXP2,WS_n50_k6_b05_seed1,WS,50,150,0.122449,MEMETIC,1,50,,,,187.365827,187.250859,0.000,True,,2026-03-24T19:07:01.050064
EXP3,WS_n50_k6_b05_seed1,WS,50,150,0.122449,IC,1,50,,,,0.000889,0.000315,0.000,True,,2026-03-24T19:07:01.068297
EXP3,WS_n50_k6_b05_seed1,WS,50,150,0.122449,KBST,1,50,,,,0.000446,0.000251,0.000,True,,2026-03-24T19:07:01.069338
EXP3,WS_n50_k6_b05_seed1,WS,50,150,0.122449,MEMETIC,1,50,,,,188.947458,188.784248,0.000,True,,2026-03-24T19:10:10.017405
EXP2,realworld_dolphins,realworld,61,142,0.077596,IC,1,61,,,,0.000933,0.000340,0.000,True,,2026-03-24T19:10:10.036096
EXP2,realworld_dolphins,realworld,61,142,0.077596,KBST,1,61,,,,0.000460,0.000239,0.000,True,,2026-03-24T19:10:10.037097
EXP2,realworld_dolphins,realworld,61,142,0.077596,MEMETIC,1,61,,,,233.677753,233.477874,0.008,True,,2026-03-24T19:14:03.715480
EXP3,realworld_dolphins,realworld,61,142,0.077596,IC,1,61,,,,0.000938,0.000658,0.000,True,,2026-03-24T19:14:03.732680
EXP3,realworld_dolphins,realworld,61,142,0.077596,KBST,1,61,,,,0.000406,0.000285,0.000,True,,2026-03-24T19:14:03.733455
EXP3,realworld_dolphins,realworld,61,142,0.077596,MEMETIC,1,61,,,,231.400902,231.221583,0.000,True,,2026-03-24T19:17:55.134831
EXP9,realworld_dolphins,realworld,61,142,0.077596,IC,1,61,,,,0.000960,0.000390,0.000,True,"density=0.0776, avg_deg=4.66",2026-03-24T19:17:55.154149
EXP9,realworld_dolphins,realworld,61,142,0.077596,KBST,1,61,,,,0.000524,0.000300,0.000,True,"density=0.0776, avg_deg=4.66",2026-03-24T19:17:55.155294
EXP9,realworld_dolphins,realworld,61,142,0.077596,MEMETIC,1,61,,,,231.025196,230.909123,0.000,True,"density=0.0776, avg_deg=4.66",2026-03-24T19:21:46.181137
EXP1,WS_n50_k8_b01_seed1,WS,50,200,0.163265,IC,1,50,,,,0.001144,0.000355,0.000,True,,2026-03-24T19:21:46.183320
EXP1,WS_n50_k8_b01_seed1,WS,50,200,0.163265,KBST,1,50,,,,0.000468,0.000277,0.000,True,,2026-03-24T19:21:46.184400
EXP1,WS_n50_k8_b01_seed1,WS,50,200,0.163265,MEMETIC,1,50,,,,93.712671,93.666516,0.000,True,,2026-03-24T19:23:19.897775
EXP2,WS_n50_k8_b01_seed1,WS,50,200,0.163265,IC,1,50,,,,0.001009,0.000596,0.000,True,,2026-03-24T19:23:19.899881
EXP2,WS_n50_k8_b01_seed1,WS,50,200,0.163265,KBST,1,50,,,,0.000433,0.000265,0.000,True,,2026-03-24T19:23:19.900844
EXP2,WS_n50_k8_b01_seed1,WS,50,200,0.163265,MEMETIC,1,50,,,,234.134187,233.900830,0.000,True,,2026-03-24T19:27:14.035570
EXP3,WS_n50_k8_b01_seed1,WS,50,200,0.163265,IC,1,50,,,,0.001081,0.000509,0.000,True,,2026-03-24T19:27:14.054147
EXP3,WS_n50_k8_b01_seed1,WS,50,200,0.163265,KBST,1,50,,,,0.000429,0.000220,0.000,True,,2026-03-24T19:27:14.054987
EXP3,WS_n50_k8_b01_seed1,WS,50,200,0.163265,MEMETIC,1,50,,,,233.059740,232.862170,0.000,True,,2026-03-24T19:31:07.115458
EXP1,WS_n50_k8_b03_seed1,WS,50,200,0.163265,IC,1,50,,,,0.001327,0.000536,0.000,True,,2026-03-24T19:31:07.134381
EXP1,WS_n50_k8_b03_seed1,WS,50,200,0.163265,KBST,1,50,,,,0.000527,0.000501,0.000,True,,2026-03-24T19:31:07.135510
EXP1,WS_n50_k8_b03_seed1,WS,50,200,0.163265,MEMETIC,1,50,,,,94.751982,94.709655,0.000,True,,2026-03-24T19:32:41.888264
EXP2,WS_n50_k8_b03_seed1,WS,50,200,0.163265,IC,1,50,,,,0.000967,0.001026,0.000,True,,2026-03-24T19:32:41.890445
EXP2,WS_n50_k8_b03_seed1,WS,50,200,0.163265,KBST,1,50,,,,0.000445,0.000500,0.000,True,,2026-03-24T19:32:41.891390
EXP2,WS_n50_k8_b03_seed1,WS,50,200,0.163265,MEMETIC,1,50,,,,234.026071,233.878972,0.000,True,,2026-03-24T19:36:35.917994
EXP3,WS_n50_k8_b03_seed1,WS,50,200,0.163265,IC,1,50,,,,0.001022,0.000267,0.000,True,,2026-03-24T19:36:35.936181
EXP3,WS_n50_k8_b03_seed1,WS,50,200,0.163265,KBST,1,50,,,,0.000413,0.000204,0.000,True,,2026-03-24T19:36:35.936993
EXP3,WS_n50_k8_b03_seed1,WS,50,200,0.163265,MEMETIC,1,50,,,,233.122329,233.027256,0.000,True,,2026-03-24T19:40:29.059790
EXP1,WS_n50_k8_b05_seed1,WS,50,200,0.163265,IC,1,50,,,,0.001006,0.000291,0.000,True,,2026-03-24T19:40:29.078240
EXP1,WS_n50_k8_b05_seed1,WS,50,200,0.163265,KBST,1,50,,,,0.000377,0.000195,0.000,True,,2026-03-24T19:40:29.078997
EXP1,WS_n50_k8_b05_seed1,WS,50,200,0.163265,MEMETIC,1,50,,,,94.645060,94.607134,0.000,True,,2026-03-24T19:42:03.724547
EXP2,WS_n50_k8_b05_seed1,WS,50,200,0.163265,IC,1,50,,,,0.000964,0.000957,0.000,True,,2026-03-24T19:42:03.726445
EXP2,WS_n50_k8_b05_seed1,WS,50,200,0.163265,KBST,1,50,,,,0.000389,0.000192,0.000,True,,2026-03-24T19:42:03.727348
EXP2,WS_n50_k8_b05_seed1,WS,50,200,0.163265,MEMETIC,1,50,,,,233.979234,233.891673,0.000,True,,2026-03-24T19:45:57.707346
EXP3,WS_n50_k8_b05_seed1,WS,50,200,0.163265,IC,1,50,,,,0.001082,0.000362,0.000,True,,2026-03-24T19:45:57.724353
EXP3,WS_n50_k8_b05_seed1,WS,50,200,0.163265,KBST,1,50,,,,0.000401,0.000219,0.000,True,,2026-03-24T19:45:57.725299
EXP3,WS_n50_k8_b05_seed1,WS,50,200,0.163265,MEMETIC,1,50,,,,234.777129,234.615098,0.000,True,,2026-03-24T19:49:52.502975
EXP2,Tree_binary_n100,Tree,127,126,0.015748,IC,1,1,,,,0.086306,0.085487,0.000,True,,2026-03-24T19:49:52.608138
EXP2,Tree_binary_n100,Tree,127,126,0.015748,KBST,1,0,,,,0.002593,0.001777,0.000,True,,2026-03-24T19:49:52.611947
EXP2,Tree_binary_n100,Tree,127,126,0.015748,MEMETIC,1,0,,,,5.048546,5.045003,0.000,True,,2026-03-24T19:49:57.661847
EXP3,Tree_binary_n100,Tree,127,126,0.015748,IC,1,1,,,,0.086896,0.086767,0.000,True,,2026-03-24T19:49:57.767252
EXP3,Tree_binary_n100,Tree,127,126,0.015748,KBST,1,0,,,,0.002422,0.001648,0.000,True,,2026-03-24T19:49:57.770754
EXP3,Tree_binary_n100,Tree,127,126,0.015748,MEMETIC,1,0,,,,5.103098,5.101444,0.000,True,,2026-03-24T19:50:02.875062
EXP1,BA_n50_m5_seed1,BA,50,225,0.183673,IC,1,50,,,,0.001210,0.000540,0.000,True,,2026-03-24T19:50:02.895241
EXP1,BA_n50_m5_seed1,BA,50,225,0.183673,KBST,1,50,,,,0.000441,0.000276,0.000,True,,2026-03-24T19:50:02.896424
EXP1,BA_n50_m5_seed1,BA,50,225,0.183673,MEMETIC,1,50,,,,103.910709,103.844927,0.000,True,,2026-03-24T19:51:46.807790
EXP2,BA_n50_m5_seed1,BA,50,225,0.183673,IC,1,50,,,,0.001025,0.000454,0.000,True,,2026-03-24T19:51:46.810137
EXP2,BA_n50_m5_seed1,BA,50,225,0.183673,KBST,1,50,,,,0.000441,0.000237,0.000,True,,2026-03-24T19:51:46.811176
EXP2,BA_n50_m5_seed1,BA,50,225,0.183673,MEMETIC,1,50,,,,258.367101,258.194105,0.000,True,,2026-03-24T19:56:05.178913
EXP3,BA_n50_m5_seed1,BA,50,225,0.183673,IC,1,50,,,,0.001092,0.001023,0.000,True,,2026-03-24T19:56:05.197516
EXP3,BA_n50_m5_seed1,BA,50,225,0.183673,KBST,1,50,,,,0.000457,0.000473,0.000,True,,2026-03-24T19:56:05.198451
EXP3,BA_n50_m5_seed1,BA,50,225,0.183673,MEMETIC,1,50,,,,256.274612,256.159864,0.000,True,,2026-03-24T20:00:21.473658
